"id","game_id","system_id","media_id","developer_id","year"
2,1,1,1,,1986
3,2,1,2,,1986
4,3,1,2,,1986
5,4,1,2,,1986
6,4,2,2,,1986
7,5,1,2,,1986
8,6,1,2,1,1986
9,6,1,1,1,1986
10,7,1,2,,1986
11,7,2,2,,1986
12,8,1,2,,1986
13,8,1,1,,1986
14,9,1,2,,1986
15,10,1,2,,1986
16,11,1,2,,1986
17,11,1,1,,1986
18,12,3,2,,1986
19,13,2,2,,1986
20,14,2,2,,1986
21,15,2,2,,1986
22,16,1,2,,1986
23,16,2,2,,1986
24,16,5,2,,1986
25,17,3,2,,1986
26,18,2,2,,1986
27,19,6,3,,1986
28,21,8,3,,1986
29,20,7,3,,1986
31,23,1,2,2,1986
32,23,1,1,2,1986
33,24,1,2,,1986
34,24,1,1,,1986
35,25,1,2,,1986
36,25,1,1,,1986
37,26,1,2,,1986
38,27,1,2,,1986
39,28,1,2,,1986
40,29,1,2,,1986
41,29,1,1,,1986
42,30,1,1,,1986
3885,2019,11,2,222,1985
44,32,1,1,,1986
45,33,1,1,3,1986
46,34,1,2,,1986
47,34,9,2,,1986
48,35,1,2,4,1986
49,35,1,1,4,1986
50,36,1,1,,1986
51,37,1,2,,1986
52,38,1,2,,1986
53,39,1,2,5,1986
54,39,1,1,5,1986
55,40,1,2,,1986
56,41,1,2,6,1986
57,41,1,1,6,1986
58,42,1,2,,1986
59,43,1,2,,1986
60,43,2,2,,1986
61,47,9,2,,1986
62,47,2,2,,1986
63,47,5,2,,1986
64,48,1,2,,1986
65,49,1,2,,1986
66,44,1,2,,1985
67,45,1,2,,1986
68,46,1,2,,1986
69,44,9,2,,1986
70,44,2,2,,1985
71,50,1,2,,1986
72,50,2,2,,1986
73,51,1,1,,1986
74,51,5,2,,1986
75,51,2,2,,1986
76,51,9,2,,1986
3236,1760,1,2,179,1986
78,1764,2,2,181,1986
79,53,1,2,7,1986
80,53,2,2,7,1986
81,16,10,2,,1986
82,16,9,2,,1986
83,16,11,2,,1986
84,54,1,2,,1986
85,54,2,2,,1986
86,55,1,2,,1986
87,55,2,2,,1986
88,55,9,2,,1986
89,56,1,2,,1986
90,56,2,2,,1986
91,57,2,2,,1986
1538,760,3,2,,1986
93,59,1,2,,1986
94,60,3,2,,1986
95,61,1,2,,1986
96,61,2,2,,1986
97,61,11,2,,1986
98,62,1,2,,1986
99,63,1,2,2,1985
100,63,1,1,2,1985
101,64,2,2,,1986
102,65,1,2,,1986
103,66,1,2,,1985
104,67,1,2,,1985
105,67,2,2,,1985
106,68,1,2,,1986
107,69,1,2,,1986
108,70,1,2,,1986
109,71,1,2,8,1986
110,71,1,1,8,1986
111,72,1,2,,1986
1398,72,1,1,,1986
113,73,2,2,,1986
114,74,1,2,,1986
115,75,1,2,6,1986
116,76,1,2,6,1986
117,77,1,2,,1986
118,78,1,2,,1986
119,79,1,2,,1986
1346,665,18,3,,1986
121,81,1,2,,1986
122,82,1,2,,1986
132,91,12,3,,1985
3237,1760,3,2,179,1986
125,84,1,2,,1986
126,85,1,2,,1986
127,86,1,2,,1986
128,87,1,2,,1986
129,88,1,2,,1986
130,89,1,2,,1986
131,90,1,2,,1986
133,92,13,3,,1986
134,93,7,3,,1986
135,94,1,2,,1986
136,95,1,1,,1986
137,96,1,2,,1986
138,97,1,2,5,1986
139,97,1,1,5,1986
140,98,1,2,9,1986
141,99,2,2,10,1986
142,99,1,2,10,1986
143,100,1,1,11,1986
144,102,1,2,,1986
145,103,1,2,12,1986
146,104,1,2,13,1986
147,105,1,2,,1986
148,106,1,1,,1986
149,107,1,2,,1986
150,107,2,2,,1986
151,108,1,2,,1986
152,108,2,2,265,1986
153,108,5,2,,1986
154,108,9,2,,1986
2090,806,3,2,,1986
522,287,1,2,,1987
157,110,1,2,,1986
158,110,5,2,,1986
159,110,2,2,,1986
160,111,1,1,,1986
161,112,1,2,,1986
162,112,2,2,,1986
163,113,1,2,14,1986
164,114,1,1,,1986
165,115,1,1,,1986
166,116,2,2,,1986
167,117,1,2,,1986
168,118,1,2,15,1986
169,119,1,2,,1986
170,120,2,2,,1986
171,120,1,2,,1986
172,120,9,2,,1986
173,121,1,2,,1986
174,122,1,2,,1986
175,123,1,2,,1986
176,123,9,2,,1986
177,124,1,2,,1986
178,124,2,2,,1986
1356,124,9,2,,1986
180,125,1,2,,1986
181,126,1,2,,1986
182,126,2,2,,1986
183,126,9,2,,1986
184,127,2,2,,1986
185,128,1,2,,1986
186,128,2,2,,1986
187,129,3,2,,1986
189,130,1,2,,1986
190,22,3,2,,1986
521,286,1,1,30,1987
192,132,1,2,,1986
193,133,2,2,,1986
194,134,1,2,,1986
195,135,14,1,,1986
196,136,1,2,,1986
197,136,1,1,,1986
198,136,2,2,,1986
199,136,9,2,,1986
200,137,1,2,,1986
201,137,2,2,,1986
202,137,9,2,,1986
203,138,1,2,16,1986
204,138,1,1,16,1986
205,138,2,2,16,1986
206,138,9,2,16,1986
207,139,1,2,,1986
208,139,2,2,,1986
209,139,5,2,,1986
1995,1020,1,2,,1989
211,140,1,1,,1986
212,140,2,2,,1986
213,141,3,2,17,1986
520,286,1,2,30,1987
215,142,1,1,,1986
216,143,1,1,,1986
217,144,1,2,,1986
218,145,1,2,,1986
219,146,2,2,14,1986
220,147,1,2,,1986
519,285,1,2,,1987
222,148,3,2,,1986
223,149,2,2,,1986
224,150,1,2,18,1986
225,150,2,2,18,1986
226,150,9,2,18,1986
227,151,1,2,,1986
228,151,2,2,,1986
229,152,1,2,,1986
230,152,1,1,,1986
231,153,1,2,,1986
232,153,2,2,,1986
233,154,3,2,,1986
518,284,2,2,,1987
235,155,1,2,,1986
236,156,1,2,,1986
237,156,2,2,,1986
238,157,1,1,19,1986
239,158,1,1,4,1986
240,159,1,2,,1986
241,159,1,1,,1986
242,160,2,2,,1986
243,161,1,2,,1986
244,161,2,2,,1986
245,162,1,2,16,1986
246,162,1,1,16,1986
247,162,11,2,16,1986
248,163,1,2,20,1986
249,163,2,2,20,1986
250,164,1,2,21,1986
251,164,11,2,21,1986
252,165,1,2,,1986
253,166,1,2,,1986
254,166,2,2,,1986
255,166,11,2,,1986
256,166,5,2,,1986
257,166,9,2,,1986
258,166,3,2,,1986
260,166,1,1,,1986
261,167,1,2,,1986
262,167,1,1,,1986
263,167,2,2,,1986
264,167,9,2,,1986
265,168,1,2,,1986
266,168,2,2,,1986
267,169,3,2,15,1986
516,283,1,2,,1987
269,170,1,2,,1986
270,171,1,2,,1986
271,171,2,2,267,1986
1937,990,1,2,,1989
273,171,3,2,,1986
515,282,1,2,,1987
275,172,2,2,,1986
276,173,3,2,,1986
514,281,1,2,,1987
278,112,3,2,,1986
513,280,1,2,,1987
280,174,3,2,,1986
512,279,1,2,,1987
282,68,3,2,,1986
284,175,2,2,,1986
285,176,1,2,,1986
286,177,1,1,22,1986
287,178,1,1,23,1986
288,179,1,2,,1986
289,179,2,2,,1986
290,180,2,2,,1987
291,181,2,2,20,1987
292,181,9,2,20,1987
293,182,1,2,,1987
294,183,1,2,24,1987
295,183,1,1,24,1987
296,183,11,2,24,1987
297,184,1,2,25,1987
298,184,1,1,25,1987
299,185,2,2,,1987
300,185,1,2,,1987
301,186,3,2,,1987
511,276,2,2,38,1987
303,187,2,2,,1987
304,187,1,2,,1987
305,187,9,2,,1987
306,187,3,2,,1987
308,188,1,2,,1987
309,188,1,1,,1987
310,188,2,2,,1987
311,188,9,2,,1987
312,188,5,2,,1987
313,189,1,2,,1987
314,189,2,2,,1987
315,190,1,2,,1987
316,190,2,2,,1987
317,190,5,2,,1987
318,191,3,2,,1987
510,276,1,1,38,1987
320,192,1,2,18,1987
321,192,1,1,18,1987
322,193,1,2,,1987
323,193,2,2,,1987
324,193,9,2,,1987
325,194,1,2,,1987
326,194,2,2,,1987
327,194,5,2,,1987
328,195,1,2,,1987
329,196,1,2,,1987
330,197,1,2,26,1987
331,197,1,1,26,1987
333,197,2,2,26,1987
334,197,9,2,26,1987
335,197,11,2,26,1987
336,198,1,1,4,1987
337,201,1,2,,1987
338,202,1,2,,1987
339,203,1,2,27,1987
340,204,1,2,,1987
341,204,2,2,,1987
342,204,9,2,,1987
343,205,1,2,,1987
344,205,1,1,,1987
345,205,5,2,,1987
346,205,2,2,,1987
347,205,9,2,,1987
348,206,3,2,,1987
350,207,1,2,,1987
351,207,1,1,,1987
352,207,2,2,,1987
353,207,9,2,,1987
354,207,5,2,,1987
355,207,11,2,,1987
356,208,1,2,,1987
357,208,1,1,,1987
358,208,2,2,,1987
359,209,1,2,,1987
360,209,2,2,,1987
361,209,9,2,,1987
362,209,5,2,,1987
363,210,3,2,,1987
509,276,1,2,38,1987
365,211,3,2,,1987
367,212,1,2,28,1987
368,212,1,1,8,1987
369,213,1,2,2,1987
370,213,1,1,2,1987
371,214,3,2,,1987
508,278,1,1,39,1987
373,215,1,2,,1987
374,216,1,2,,1987
375,216,1,1,,1987
376,217,1,2,,1987
377,217,1,1,,1987
378,217,2,2,,1987
379,217,9,2,,1987
380,218,1,2,16,1987
381,218,1,1,16,1987
382,219,1,2,8,1987
383,219,1,1,8,1987
384,219,2,2,8,1987
385,219,9,2,8,1987
386,220,1,2,,1987
387,220,11,2,,1987
388,221,1,2,,1987
389,221,1,1,,1987
390,221,2,2,,1987
391,221,9,2,,1987
392,222,1,2,,1987
393,223,1,2,29,1987
394,224,1,1,23,1987
395,225,1,2,30,0
396,226,1,1,,1987
397,227,1,2,,1987
398,227,1,1,,1987
399,227,2,2,,1987
400,228,1,2,,1987
401,229,1,1,31,1987
402,230,1,2,,1987
403,230,1,1,,1987
404,231,1,2,85,1987
405,231,11,2,85,1987
406,231,3,2,85,1987
408,232,1,2,32,1987
409,232,1,1,,1987
410,233,1,2,,1987
411,233,1,1,,1987
412,234,1,2,,1987
413,234,1,1,,1987
414,235,1,2,,1987
415,235,1,1,,1987
416,236,2,2,,1987
417,236,1,2,,1987
418,236,1,1,,1987
419,236,9,2,,1987
420,237,2,2,,1987
421,237,1,2,,1987
422,237,9,2,,1987
1556,220,3,2,97,1987
507,278,1,2,39,1987
425,237,5,2,,1987
426,238,2,2,,1987
427,239,1,2,33,1987
428,57,1,1,16,1987
429,240,1,1,16,1987
430,241,1,2,,1987
431,241,2,2,,1987
432,242,1,2,34,1987
433,243,1,2,,1987
434,244,1,2,,1987
435,245,9,2,,1987
436,245,1,2,,1987
437,245,1,1,,1987
438,246,2,2,,1987
439,246,9,2,,1987
440,247,1,2,,1986
441,247,2,2,,1987
442,248,1,2,,1987
443,248,1,1,,1987
444,248,2,2,,1987
445,248,9,2,,1987
446,249,1,2,35,1987
447,250,1,2,,1987
448,251,1,2,,1987
449,251,1,1,,1987
450,251,2,2,,1987
451,251,5,2,,1987
1573,789,3,2,,1986
506,275,1,1,,1984
454,251,11,2,,1987
455,252,1,2,,1987
456,252,1,1,,1987
457,253,1,2,,1987
458,253,1,1,,1987
459,253,2,2,,1987
460,253,5,2,,1987
461,254,1,2,,1987
462,254,1,1,,1987
466,199,1,2,,1987
467,199,1,1,,1987
468,93,1,2,,1987
469,93,1,1,,1987
470,93,2,2,,1987
471,93,9,2,,1987
472,258,1,2,,1987
473,258,1,1,,1987
474,258,2,2,,1987
475,258,9,2,,1987
476,259,1,2,,1987
477,259,1,1,,1987
478,260,1,2,36,1987
479,260,1,1,,1987
480,261,1,2,,1987
481,261,1,1,,1987
482,262,2,2,,1987
483,263,1,2,,1987
484,263,9,2,,1987
485,263,2,2,,1987
486,264,1,2,37,1987
487,264,1,1,37,1987
488,265,1,2,,1987
489,265,2,2,,1987
490,265,9,2,,1987
491,266,1,2,,1987
492,267,1,2,,1987
493,267,1,1,,1987
494,268,1,2,,1987
495,268,1,1,,1987
496,269,1,2,,1987
497,269,1,1,,1987
498,270,1,2,15,1987
499,271,1,2,,1987
500,272,1,2,,1987
501,272,1,1,,1987
502,272,2,2,,1987
503,272,9,2,,1987
504,273,1,2,30,1987
505,274,1,2,,1987
523,287,1,1,,1987
524,287,2,2,,1987
525,287,5,2,,1987
526,288,1,2,40,1987
527,288,2,2,40,1987
528,288,5,2,40,1987
529,288,9,2,40,1987
530,289,1,2,,1987
531,290,1,2,,1987
532,291,1,2,41,1987
533,292,1,2,,1987
534,294,1,2,,1987
535,294,1,1,,1987
536,295,1,2,18,1987
537,295,1,1,18,1987
538,296,1,2,30,1987
539,296,2,2,30,1987
540,297,1,2,,1987
541,297,1,1,,1987
542,297,2,2,,1987
543,298,1,2,8,1987
544,298,1,1,8,1987
545,298,2,2,8,1987
546,299,1,2,,1987
547,300,1,2,,1987
548,300,1,1,,1987
549,300,2,2,,1987
550,301,1,2,,1987
551,301,1,1,,1987
552,302,1,2,,1987
553,302,1,1,,1987
554,303,1,2,21,1987
555,303,1,1,21,1987
556,304,1,2,42,1987
557,304,2,2,42,1987
558,305,1,2,,1987
559,305,1,1,,1987
560,306,1,2,,1987
561,306,1,1,,1987
562,307,1,2,36,1987
563,307,1,1,36,1987
564,308,1,2,,1987
566,309,1,2,1,1987
567,309,1,1,1,1987
568,310,1,2,,1987
569,310,1,1,,1987
570,310,2,2,,1987
571,311,1,2,,1987
572,312,1,2,,1987
573,312,1,1,,1987
574,312,2,2,,1987
575,313,1,2,,1987
576,313,2,2,,1987
577,315,1,2,,1987
578,315,1,1,,1987
579,316,2,2,,1987
580,316,5,2,,1987
581,317,1,2,,1987
582,317,2,2,,1987
584,317,5,2,,1987
585,318,1,2,29,1987
586,318,2,2,29,1987
587,318,5,2,29,1987
588,318,9,2,29,1987
589,319,1,2,43,1987
590,319,1,1,43,1987
591,320,1,1,44,1987
1358,670,1,2,,1988
1427,698,1,2,,1988
594,323,1,2,,1987
595,323,1,1,,1987
596,324,1,2,,1987
597,324,1,1,,1987
598,325,14,1,23,1987
599,327,1,2,,1988
600,327,1,1,,1988
601,328,2,2,61,1987
602,329,1,2,,1988
603,329,1,1,,1988
604,329,2,2,,1988
605,330,1,2,,1988
606,330,1,1,,1988
607,330,2,2,,1988
608,330,9,2,,1988
609,331,1,2,45,1988
610,331,1,1,45,1988
611,332,1,2,,1988
612,332,1,1,,1988
613,333,1,2,,1988
614,333,1,1,,1988
615,335,1,2,,1988
616,335,1,1,,1988
617,335,5,2,,1988
618,336,1,2,,1988
619,336,1,1,,1988
620,336,5,2,,1988
621,337,1,2,,1988
622,337,1,1,,1988
623,338,1,2,,1988
624,338,1,1,,1988
625,338,5,2,,1988
626,338,2,2,,1988
627,339,1,2,,1988
628,339,1,1,,1988
629,340,1,2,,1988
630,340,1,1,,1988
631,341,1,2,,1988
632,341,1,1,,1988
633,342,1,2,,1988
634,343,1,2,,1988
635,343,1,1,,1988
636,344,1,2,46,1988
637,344,1,1,46,1988
638,345,1,2,,1988
639,345,1,1,,1988
640,345,1,2,,1988
641,345,1,1,,1988
642,346,1,2,,1988
643,346,1,1,,1988
644,347,1,2,,1988
645,347,1,1,,1988
646,348,1,2,,1988
647,348,1,1,,1988
648,349,1,1,,1988
649,350,1,1,,1988
650,351,1,2,,1988
651,351,1,1,,1988
652,352,1,2,,1988
653,352,1,1,,1988
654,352,2,2,,1988
655,352,9,2,,1988
656,353,1,2,,1988
657,353,1,1,,1988
658,353,2,2,,1988
659,354,1,2,,1988
660,354,1,1,,1988
661,355,1,2,,1988
662,355,1,1,,1988
663,355,2,2,,1988
664,356,1,2,,1988
665,356,1,1,,1988
666,357,1,2,,1988
667,357,1,1,,1988
668,358,1,2,,1988
669,358,1,1,,1988
670,359,1,2,,1988
671,359,1,1,,1988
672,360,1,2,42,1988
673,360,1,1,42,1988
674,360,2,2,42,1988
675,361,1,2,,1988
676,361,1,1,,1988
677,362,1,2,206,1988
678,362,1,1,206,1988
679,362,2,2,206,1988
680,362,9,2,206,1988
681,363,1,2,47,1988
682,363,1,1,47,1988
683,363,15,4,47,1988
684,363,16,4,47,1988
685,364,1,2,,1988
686,364,1,1,,1988
687,365,1,2,,1988
688,365,1,1,,1988
689,366,1,2,,1988
691,367,1,1,,1988
692,367,1,2,,1988
693,368,1,2,47,1988
694,368,1,1,47,1988
695,368,2,2,47,1988
696,369,1,2,,1988
697,369,1,1,,1988
698,370,1,2,,1988
699,370,1,1,,1988
700,371,22,5,,1988
701,372,1,2,,1988
702,372,1,1,,1988
703,373,1,2,,1988
704,373,1,1,,1988
705,374,1,2,48,1988
706,375,1,2,,1988
707,376,1,2,,1988
708,377,1,2,,1988
709,377,3,2,,1988
710,378,1,1,32,1988
711,378,15,1,32,1988
712,378,16,4,32,1988
713,379,16,1,49,1988
714,379,15,1,49,1988
715,380,1,1,11,1988
716,381,1,2,,1988
717,381,1,1,,1988
718,382,1,2,9,1988
719,382,1,1,9,1988
720,383,1,2,,1988
721,383,1,1,,1988
722,383,2,2,,1988
723,383,9,2,,1988
724,384,1,2,,1988
725,384,1,1,,1988
726,385,1,2,,1988
727,385,1,1,,1988
728,386,1,2,1,1988
729,386,1,1,1,1988
730,386,15,4,1,1988
731,387,1,2,,1988
732,387,1,1,,1988
733,387,5,2,,1988
734,387,9,2,,1988
735,388,1,2,,1988
736,388,1,1,,1988
737,388,2,2,38,1988
738,388,9,2,,1988
739,389,1,2,,1988
740,389,1,1,,1988
741,389,15,4,,1988
742,334,1,2,1,1988
743,334,1,1,1,1988
744,390,1,2,,1988
745,390,1,1,,1988
746,391,14,1,23,1988
747,392,1,1,22,1988
748,393,1,1,84,1988
749,394,1,2,,1988
750,395,1,2,,1988
751,395,1,1,,1988
752,396,1,2,,1988
753,396,1,1,,1988
754,397,1,2,,1988
755,397,1,1,,1988
756,398,1,1,16,1988
757,399,1,1,,1988
758,400,1,2,,1988
759,400,1,1,,1988
760,44,5,2,,1988
1355,314,16,4,,1987
762,44,17,1,,1988
763,402,16,4,,1988
764,403,1,2,,1988
765,404,1,2,,1988
766,405,1,2,,1988
767,406,1,2,,1988
768,407,1,2,,1988
769,408,15,1,,1988
770,408,1,1,,1988
771,408,16,1,,1988
772,409,1,2,,1988
773,409,1,1,,1988
774,409,2,2,,1988
775,410,1,1,,1988
776,411,1,2,,1988
777,411,1,1,,1988
778,411,16,1,,1988
779,412,1,1,50,1988
780,412,17,1,50,1988
781,413,1,2,51,1988
782,413,1,1,51,1988
783,414,1,2,52,1988
784,414,1,1,52,1988
785,415,1,2,,1988
786,415,1,1,,1988
787,416,1,1,,1988
788,416,14,1,,1988
789,417,1,2,21,1988
790,417,1,1,21,1988
791,418,1,1,50,1988
1829,946,1,1,112,1989
1828,946,1,2,112,1989
794,420,15,1,54,1988
795,421,15,4,,1988
796,421,16,4,,1988
797,333,15,1,,1988
798,333,16,1,,1988
799,422,16,4,11,1988
800,422,15,4,11,1988
801,423,15,4,55,1988
802,424,15,1,,1988
803,424,16,1,,1988
804,425,15,1,,1988
805,425,2,2,,1988
806,425,1,2,,1988
807,425,16,1,,1988
808,426,16,1,,1988
809,426,17,1,,1988
810,427,1,2,,1988
811,427,1,1,,1988
812,428,1,2,,1988
813,428,1,1,,1988
814,429,1,1,2,1988
815,430,1,2,56,1988
816,430,1,1,56,1988
817,431,1,2,,1988
818,431,1,1,,1988
819,432,1,2,40,1988
820,433,1,2,57,1988
822,433,2,2,57,1988
823,434,1,2,,1988
824,435,1,2,58,1988
825,436,5,2,,1988
826,437,1,2,,1988
827,437,1,1,,1988
2092,806,3,2,,1986
829,438,1,1,,1988
830,439,1,2,24,1988
831,439,1,1,,1988
832,440,1,2,,1988
833,440,1,1,,1988
834,441,1,1,,1988
835,441,15,4,,1988
836,441,16,4,,1988
837,442,1,2,59,1988
838,442,1,1,59,1988
839,443,1,2,,1988
840,443,1,1,,1988
841,443,2,2,,1988
842,443,9,2,,1988
843,443,15,4,,1988
844,443,16,4,,1988
845,444,1,2,,1988
846,444,1,1,,1988
847,444,2,2,,1988
848,445,1,1,23,1988
849,445,14,1,23,1988
850,446,1,2,,1988
851,447,1,2,18,1988
852,447,1,1,18,1988
853,447,15,1,18,1988
854,447,16,1,18,1988
855,448,1,2,,1988
856,448,1,1,,1988
857,448,16,4,,1988
858,449,1,2,,1988
859,449,1,1,,1988
860,450,1,2,,1988
861,450,1,1,,1988
862,451,1,2,,1988
863,451,1,1,,1988
864,451,2,2,,1988
865,452,1,2,61,1988
866,452,1,1,61,1988
867,452,2,2,61,1988
868,452,9,2,61,1988
869,452,15,1,61,1988
870,452,16,1,61,1988
871,453,1,2,62,1988
872,453,15,1,62,1988
873,454,1,2,,1988
874,454,1,1,,1988
875,454,15,1,,1988
876,454,16,1,,1988
877,455,1,2,,1988
878,455,1,1,,1988
879,455,2,2,,1988
880,456,1,2,39,1988
881,457,1,2,,1988
882,457,1,1,,1988
883,458,1,2,,1988
884,459,1,2,,1988
885,460,1,2,,1988
886,461,1,2,60,1988
887,462,1,2,,1988
888,462,1,1,,1988
889,463,1,2,,1988
890,463,1,1,,1988
891,463,2,2,,1988
892,463,17,1,,1988
893,465,1,2,16,1988
894,465,1,1,16,1988
895,465,2,2,16,1988
896,465,9,2,16,1988
897,465,17,1,16,1988
898,466,1,2,64,1988
899,466,1,1,64,1988
900,466,2,2,64,1988
901,467,1,2,,1988
902,467,15,1,,1988
903,468,1,2,8,1988
904,468,1,1,8,1988
905,469,1,1,65,1988
906,469,1,2,65,1988
907,470,1,2,52,1988
908,470,1,1,52,1988
909,470,2,2,52,1988
910,470,9,2,52,1988
911,471,1,2,,1988
912,471,1,1,,1988
913,471,17,1,,1988
914,472,1,2,,1988
915,472,1,1,,1988
916,473,1,1,,1988
917,473,15,1,,1988
918,473,16,1,,1988
919,474,1,2,,1988
920,474,1,1,,1988
921,475,1,2,66,1988
922,475,1,1,66,1988
923,476,1,2,,1988
924,476,1,1,,1988
925,476,2,2,228,1988
926,477,1,2,,1988
927,477,1,1,,1988
928,477,2,2,182,1988
929,477,9,2,,1988
930,477,5,2,,1988
931,478,1,2,44,1988
932,478,1,1,44,1988
933,478,15,1,44,1988
934,479,1,2,,1988
935,480,1,2,60,1988
936,481,1,2,,1988
937,482,1,2,,1988
938,483,1,2,,1988
939,484,1,2,67,1988
940,484,2,2,67,1988
941,484,9,2,67,1988
942,485,15,1,,1988
943,485,16,1,,1988
944,486,1,2,,1988
945,486,2,2,,1988
946,486,9,2,,1988
947,486,16,4,,1988
948,487,1,1,,1988
949,489,1,1,69,1988
950,490,1,1,70,1988
951,491,1,2,11,1988
952,491,1,1,11,1988
953,492,1,2,,1988
954,492,1,1,,1988
955,492,2,2,,1988
956,492,9,2,,1988
957,492,16,4,,1988
958,493,1,2,47,1988
959,493,1,1,47,1988
960,493,15,4,47,1988
961,494,1,2,38,1988
962,494,1,1,38,1988
963,494,2,2,38,1988
964,494,9,2,38,1988
965,495,15,1,71,1988
966,495,16,1,71,1988
967,496,1,2,,1988
968,496,1,1,,1988
969,496,2,2,,1988
970,496,9,2,,1988
971,496,5,2,,1988
972,497,1,2,,1988
973,497,1,1,,1988
974,497,2,2,,1988
975,497,9,2,,1988
976,498,1,2,18,1988
977,499,1,2,8,1988
978,500,5,2,,1988
979,501,1,2,,1988
981,503,1,2,16,1988
982,504,1,2,,1988
983,504,1,1,,1988
984,504,2,2,,1988
985,504,5,2,,1988
986,504,15,4,,1988
987,504,16,4,,1988
988,505,1,1,16,1988
989,506,1,2,72,1988
990,506,1,1,72,1988
991,507,1,1,,1988
992,507,11,1,,1988
993,507,17,1,,1988
994,508,1,1,19,1988
995,509,1,2,,1988
996,509,1,1,,1988
997,509,2,2,,1988
998,510,3,2,,1988
999,510,5,2,,1988
1000,511,3,2,,1988
1001,276,16,1,38,1987
1002,277,15,1,,1987
1003,277,16,1,,1987
1004,278,16,4,39,1987
1007,320,15,4,44,1987
2130,1093,1,2,,1988
1009,320,17,1,44,1987
1010,321,15,1,44,1987
1011,320,16,4,44,1987
1012,321,16,1,44,1987
1013,322,15,1,44,1987
1014,322,16,1,44,1987
1015,322,17,1,44,1987
1016,513,1,1,23,1983
1017,514,1,1,4,1985
1018,69,2,2,,1985
1019,516,1,2,73,1983
1020,177,16,1,22,1986
1021,218,16,4,16,1987
1022,315,16,1,,1987
1023,331,16,1,74,1988
1024,334,15,1,75,1988
1026,518,2,2,,1987
1027,518,5,2,,1987
1028,518,1,2,,1987
1029,518,1,1,,1987
1030,519,1,2,56,1987
1031,519,1,1,56,1987
1032,519,2,2,56,1987
1033,520,1,2,,1987
1034,520,11,2,,1987
1035,520,2,2,,1987
1036,520,9,2,,1987
1037,521,1,2,40,1987
1038,521,5,2,40,1987
1039,521,11,2,40,1987
1040,521,2,2,40,1987
1041,521,9,2,40,1987
1042,522,1,2,,1987
1043,522,1,1,,1987
1044,523,1,2,,1987
1045,523,2,2,,1987
1046,524,1,2,76,1987
1047,524,1,1,76,1987
1048,524,2,2,76,1987
1049,524,9,2,76,1987
1050,525,1,2,77,1986
1051,526,1,2,,1987
1052,526,1,1,,1987
1053,526,2,2,,1987
1054,527,3,2,57,1987
1055,528,1,2,,1987
1056,528,1,1,,1987
1057,528,2,2,,1987
1058,529,11,2,,1987
1059,529,2,2,,1987
1060,529,1,2,,1987
1061,529,1,1,,1987
1062,530,1,2,,1987
1063,530,2,2,,1987
1064,530,9,2,,1987
1065,294,2,2,,1987
1066,531,1,2,,1987
1067,532,3,2,,1987
1068,533,1,2,,1987
1069,533,1,1,,1987
1070,533,2,2,,1987
1071,534,1,2,,1987
1072,534,1,1,,1987
1073,534,2,2,,1987
1074,535,1,2,40,1987
1075,535,2,2,40,1987
1076,535,5,2,40,1987
1077,535,9,2,40,1987
1078,536,1,1,23,1987
1079,536,15,4,23,1987
1080,537,1,2,,1987
1081,538,1,2,16,1987
1082,538,1,1,16,1987
1083,539,1,2,,1987
1084,539,1,1,,1987
1085,539,2,2,,1987
1086,539,9,2,,1987
1087,540,1,2,,1987
1088,540,1,1,,1987
1089,541,1,2,,1987
1090,541,2,2,,1987
1091,541,11,2,,1987
1092,312,16,4,,1987
1093,312,15,4,,1987
1094,543,1,2,,1987
1095,543,1,1,,1987
1096,543,2,2,,1987
1097,544,1,2,,1987
1098,544,1,1,,1987
1099,545,22,4,,1987
1100,545,16,4,,1987
1101,546,1,2,,1987
1102,546,2,2,,1987
1103,546,11,2,,1987
1104,547,1,2,,1987
1105,547,1,1,,1987
1106,548,1,2,57,1986
1562,780,3,2,,1986
1108,549,1,2,,1987
1110,550,1,2,,1987
1111,551,1,2,,1987
1112,551,1,1,,1987
1113,552,1,2,,1987
1114,552,1,1,,1987
1115,553,1,2,,1987
1116,553,2,2,,1987
1117,553,5,2,,1987
1118,554,2,2,,1987
1119,554,1,2,,1987
1120,554,1,1,,1987
1121,555,1,2,,1987
1122,555,1,1,,1987
1123,556,1,2,,1987
1124,556,1,1,,1987
1125,557,1,1,,1987
1126,557,16,1,,1987
1127,558,1,2,,1987
1128,559,1,1,23,1987
1129,560,1,2,,1987
1130,560,1,1,,1987
1131,561,1,1,,1987
1132,561,1,2,,1987
1133,563,1,2,,1987
1134,563,1,1,,1987
1135,564,1,2,,1987
1136,564,1,1,,1987
1137,564,2,2,,1987
1138,564,9,2,,1987
1139,564,16,1,,1987
1140,565,1,2,,1987
1141,565,1,1,,1987
1142,565,2,2,,1987
1143,565,9,2,,1987
1144,566,1,2,38,1987
1145,566,1,1,38,1987
1146,566,2,2,38,1987
1147,566,16,1,38,1987
1148,567,1,2,43,1987
1149,567,1,1,43,1987
1150,568,1,2,,1987
1151,568,1,1,,1987
1152,569,3,2,,1987
1153,570,1,2,,1987
1154,571,1,2,,1987
1155,571,1,1,,1987
1156,572,1,1,1,1987
1157,573,22,4,,1987
1158,573,16,4,,1987
1159,573,15,4,,1987
1160,574,1,1,78,1987
1161,575,1,1,,1987
1162,576,1,2,,1987
1163,576,1,1,,1987
1164,577,1,2,,1987
1165,577,1,1,,1987
1166,578,1,2,2,1987
1167,578,1,1,2,1987
1168,578,2,2,2,1987
1169,578,16,4,2,1987
1170,579,1,2,,1987
1171,579,1,1,,1987
1172,579,2,2,,1987
1173,579,9,2,,1987
1174,580,1,2,,1987
1175,580,1,1,,1987
1176,581,1,1,,1987
1177,582,1,2,,1987
1178,583,1,2,60,1987
1179,584,1,2,,1987
1180,584,5,2,,1987
1181,584,3,2,,1987
1182,585,1,2,60,1987
1183,586,1,2,,1987
1184,587,1,2,,1987
1185,588,1,2,,1987
1186,588,9,2,,1987
1187,589,1,2,59,1987
1188,589,1,1,59,1987
1189,590,1,1,2,1987
1190,591,1,2,18,1987
1191,591,1,1,18,1987
1192,592,1,2,,1987
1193,592,1,1,,1987
1194,592,2,2,,1987
1195,592,9,2,,1987
1196,593,1,2,,1987
1197,593,1,1,,1987
1198,594,1,1,131,1987
1199,594,17,1,131,1987
1200,595,16,1,,1987
1201,312,16,4,,1987
1202,519,15,1,,1987
1203,519,16,1,,1987
1204,596,16,4,80,1987
1205,597,16,4,81,1987
1206,597,15,4,81,1987
1207,598,16,4,,1987
1208,598,15,4,,1987
1209,159,16,1,,1987
1210,159,15,1,,1987
1211,599,1,2,,1987
1212,599,1,1,,1987
1213,600,1,2,,1987
1214,600,1,1,,1987
1215,601,1,2,,1987
1216,601,1,1,,1987
1217,602,1,2,,1987
1218,602,1,1,,1987
1219,602,2,2,,1987
1220,602,9,2,,1987
1221,603,1,2,8,1987
1222,603,2,2,8,1987
1223,604,1,2,,1987
1224,605,1,2,,1987
1225,606,1,2,,1987
1226,606,5,2,,1987
1227,607,1,2,60,1987
1228,608,11,2,,1987
1229,609,5,2,,1987
1230,609,1,2,,1987
1231,610,1,2,,1987
1232,611,1,2,,1987
1233,612,1,2,,1987
1234,612,1,1,,1987
1235,613,1,2,,1987
1236,613,1,1,,1987
1237,614,1,2,,1987
1238,614,5,2,,1987
1239,615,1,2,205,1988
1240,615,1,1,205,1988
1241,615,2,2,205,1988
1242,615,9,2,205,1988
1243,616,1,2,,1988
1244,616,1,1,,1988
1245,617,1,2,,1988
1246,617,1,1,,1988
1247,618,1,2,,1988
1248,618,1,1,,1988
1249,619,1,2,43,1988
1250,619,1,1,43,1988
1251,620,1,2,,1988
1252,620,1,1,,1988
1253,620,2,2,,1988
1254,621,1,2,,1988
1255,621,1,1,,1988
1256,621,2,2,,1988
1257,621,9,2,,1988
1258,622,1,2,,1988
1259,622,1,1,,1988
1260,623,1,2,,1988
1261,623,1,1,,1988
1262,623,2,2,,1988
1263,623,15,1,,1988
1264,623,16,1,,1988
1265,624,1,2,82,1988
1266,624,1,1,82,1988
1267,625,1,2,,1988
1268,625,1,1,,1988
1269,625,2,2,51,1988
1270,625,9,2,,1988
1271,626,1,2,,1988
1272,626,1,1,,1988
1273,626,2,2,,1988
1274,626,9,2,,1988
1275,627,1,2,,1988
1276,627,1,1,,1988
1277,627,2,2,,1988
1278,627,9,2,,1988
1279,628,5,2,,1988
1280,629,1,2,,1988
1281,629,1,1,,1988
1282,629,2,2,263,1988
1283,369,5,2,,1988
1284,630,1,2,,1988
1285,630,1,1,,1988
1286,631,1,2,61,1988
1287,631,1,1,61,1988
1288,631,2,2,61,1988
1289,631,9,2,61,1988
1290,632,9,2,,1988
1291,633,1,2,,1988
1292,633,2,2,,1988
1293,634,1,2,,1988
1294,634,2,2,,1988
1295,635,1,2,,1988
1296,636,1,2,,1988
1297,636,1,1,,1988
1298,636,2,2,,1988
1299,636,9,2,,1988
1300,637,1,1,,1988
1301,638,1,2,,1988
1302,638,2,2,,1988
1303,639,1,2,,1988
1304,640,1,2,27,1988
1305,640,2,2,27,1988
1306,641,1,2,,1988
1307,642,1,2,,1988
1308,642,1,1,,1988
1309,642,2,2,,1988
1310,644,1,2,,1988
1311,644,1,1,,1988
1312,542,1,2,83,1988
1313,542,1,1,83,1988
4196,2007,2,2,184,1984
1315,645,1,2,47,1988
1316,645,1,1,47,1988
1317,646,1,2,,1988
1318,646,1,1,,1988
1319,647,1,2,16,1988
1320,647,2,2,16,1988
1321,254,9,1,,1988
1322,648,1,2,,1988
1323,648,1,1,,1988
1324,649,1,2,,1988
1325,649,1,1,,1988
1326,650,1,2,,1988
1327,650,1,1,,1988
1328,650,2,2,,1988
1329,650,9,2,,1988
1330,651,1,2,,1988
1331,651,1,1,,1988
1332,652,1,1,4,1988
1333,653,1,1,4,1988
1334,654,1,2,,1988
1335,655,1,2,,1988
1336,656,1,2,,1988
1337,657,1,1,16,1988
1338,658,1,1,24,1988
1339,659,1,2,,1988
1340,660,1,2,,1988
1341,661,1,2,,1988
1342,662,1,2,,1988
1343,662,2,2,,1988
1347,666,19,3,,1986
1348,667,20,3,,1986
1349,668,1,2,,1984
1350,669,1,2,,1985
1351,293,1,2,,1987
1352,293,16,4,,1987
1353,293,2,2,,1987
1354,293,5,2,,1987
1357,321,1,1,44,1988
1359,670,1,1,,1988
1360,670,2,2,,1988
1361,670,9,1,,1988
1362,671,1,1,86,1988
1363,672,1,2,,1988
1364,672,1,1,,1988
1365,673,1,2,,1988
1366,673,1,1,,1988
1367,673,2,2,,1988
1368,674,1,2,32,1988
1369,674,1,1,32,1988
1370,675,1,2,,1988
1371,675,1,1,,1988
1372,676,1,2,56,1988
1373,676,1,1,56,1988
1374,677,1,2,56,1988
1375,677,1,1,56,1988
1376,647,5,2,16,1988
1377,678,1,2,,1988
1378,678,1,1,,1988
1379,679,1,2,61,1988
1380,679,1,1,61,1988
1381,679,2,2,61,1988
1384,681,5,2,,1988
1383,679,9,2,61,1988
1385,682,1,1,22,1988
1386,682,15,4,22,1988
1387,682,16,4,22,1988
1388,683,1,2,16,1988
1389,683,1,1,16,1988
1390,683,2,2,16,1988
1391,683,9,2,16,1988
1392,684,1,1,,1988
1393,685,1,2,47,1988
1394,686,1,2,,1988
1395,686,1,1,,1988
1396,687,1,2,,1988
1397,687,1,1,,1988
1399,688,1,2,82,1988
1400,688,1,1,82,1988
1401,689,1,2,,1988
1402,689,1,1,,1988
1403,689,2,2,,1988
1404,689,9,2,,1988
1405,690,1,2,38,1988
1406,690,1,1,38,1988
1407,690,9,2,38,1988
1408,690,2,2,38,1988
1409,691,1,1,16,1988
1410,692,1,2,,1988
1411,692,1,1,,1988
1412,692,2,2,,1988
1413,692,9,2,,1988
1414,693,1,1,2,1988
1415,694,1,2,64,1988
1416,694,1,1,64,1988
1417,694,2,2,64,1988
1418,695,1,2,17,1988
1419,695,1,1,17,1988
1420,696,1,2,,1988
1421,696,1,1,,1988
1422,697,1,2,,1988
1423,697,1,1,,1988
1424,322,2,2,,1988
1425,322,1,1,,1988
1426,322,1,2,,1988
1428,698,1,1,,1988
1429,699,1,2,,1988
1430,699,1,1,,1988
1431,700,1,2,87,1988
1432,700,5,2,87,1988
1433,616,2,2,,1988
1434,677,2,2,56,1988
1435,701,1,2,88,1988
1436,701,1,1,88,1988
1437,701,9,1,88,1988
1438,701,2,2,88,1988
1439,702,1,2,89,1988
1440,702,1,1,89,1988
1441,702,2,2,89,1988
1442,703,1,2,,1988
1443,703,1,1,,1988
1444,704,11,2,,1988
1445,705,11,2,,1988
1446,706,11,2,,1988
1447,707,11,2,,1988
1448,708,1,2,,1988
1449,708,3,2,,1988
1450,709,1,2,60,1988
1451,710,1,2,,1988
1452,711,1,2,,1988
1453,712,5,2,,1988
1454,713,5,2,,1988
1455,714,5,2,,1988
1456,715,1,2,,1988
1457,716,1,2,46,1989
1458,716,1,1,46,1989
1459,716,2,2,90,1989
1460,716,2,1,90,1989
1461,716,9,2,,1989
1462,716,9,1,,1989
1463,717,1,2,42,1989
1464,718,1,2,91,1989
1465,718,1,1,91,1989
1466,719,1,2,,1989
1467,720,1,1,,1989
1468,721,1,2,64,1989
1469,721,1,1,64,1989
1470,721,2,2,64,1989
1471,721,9,2,64,1989
1472,722,1,1,92,1989
1473,723,1,2,93,1989
1474,723,1,1,93,1989
1475,723,2,2,93,1989
1476,723,9,2,93,1989
1477,724,1,2,,1989
1478,724,1,1,,1989
1479,724,9,2,,1989
1480,725,1,2,,1989
1481,725,1,1,,1989
1482,725,2,2,61,1989
1483,725,9,2,,1989
1484,726,1,1,4,1989
1485,727,1,2,52,1989
1486,727,1,1,52,1989
1487,727,2,2,52,1989
1488,727,9,2,52,1989
1489,728,1,2,,1989
1490,728,1,1,,1989
1491,729,1,2,,1989
1492,730,1,2,67,1989
1493,730,1,1,67,1989
1494,730,2,2,67,1989
1495,730,9,2,67,1989
1496,731,1,2,,1989
1497,731,1,1,,1989
1498,732,1,2,,1989
1499,732,1,1,,1989
1500,733,1,2,18,1989
1501,733,1,1,18,1989
1502,733,2,2,18,1989
1503,733,9,1,18,1989
1504,734,1,2,,1989
1505,734,1,1,,1989
1506,735,1,2,24,1989
1507,735,1,1,24,1989
1508,736,2,2,94,1989
1509,736,9,2,94,1989
1510,737,1,2,45,1989
1511,737,1,1,45,1989
1512,738,1,2,,1989
1513,738,1,1,,1989
1514,738,9,2,,1989
1515,738,2,2,,1989
1516,739,1,1,,1989
1517,740,1,2,78,1989
1518,740,1,1,78,1989
1519,741,1,2,,1989
1520,744,1,2,,1989
1521,744,3,2,,1989
1522,744,11,2,,1989
1523,745,1,2,,1989
1524,746,1,2,,1989
1525,747,1,2,60,1989
1526,748,3,2,,1987
1527,749,3,2,57,1986
1528,750,3,2,95,1985
1529,751,3,2,,1987
1530,752,3,2,,1986
1531,753,3,2,,1986
1532,754,3,2,,1986
1533,755,3,2,,1985
1534,756,3,2,,1985
1535,757,3,2,77,1985
1536,758,3,2,,1986
1537,759,3,2,,1984
1539,761,3,2,38,1986
1540,762,3,2,,1986
1541,763,3,2,,1986
1542,764,3,2,,1986
1543,765,3,2,,1986
1544,766,3,2,,1986
1545,60,3,2,57,1986
1546,282,3,2,,1987
1547,768,3,2,,1986
1548,769,3,2,17,1986
1549,770,3,2,,1986
1550,771,3,2,,1986
1551,772,3,2,95,1985
1552,773,3,2,96,1984
1553,774,3,2,,1985
1554,775,3,2,,1986
1555,237,3,2,,1986
1557,776,3,2,,1986
1558,777,3,2,,1986
1559,778,3,2,,1986
1560,779,3,2,,1985
1561,548,3,2,,1986
1563,781,3,2,98,1986
1564,110,3,2,,1986
1565,782,3,2,,1986
1566,783,3,2,57,1985
1567,784,3,2,57,1985
1568,785,3,2,,1986
1569,26,3,2,,1986
1570,787,3,2,,1986
1571,788,3,2,,1986
1572,251,3,2,,1986
1574,790,3,2,,1987
1575,791,3,2,,1986
3286,1788,1,2,184,1987
1577,793,3,2,99,1985
1578,794,3,2,,1987
1579,795,3,2,,1986
1580,796,3,2,57,1985
1581,797,3,2,,1986
1582,798,3,2,,1986
1583,799,3,2,,1986
1584,7,3,2,100,1987
1585,800,3,2,,1985
1586,801,3,2,57,1985
1587,802,3,2,15,1987
1588,803,3,2,101,1986
1589,804,3,2,,1986
1590,805,3,2,,1986
2091,211,3,2,,1987
1592,65,3,2,,1986
1593,209,3,2,,1986
1594,807,3,2,,1986
1595,808,3,2,,1986
1596,809,3,2,,1985
1597,811,3,2,,1985
1598,812,3,2,98,1986
1599,813,9,2,36,1989
1600,813,9,1,36,1989
1601,814,1,2,,1989
1602,815,1,2,,1989
1603,815,1,1,,1989
1604,816,1,2,,1989
1605,816,1,1,,1989
1606,817,1,2,,1989
1607,817,1,1,,1989
1608,818,1,2,,1989
1609,818,1,1,,1989
1610,819,1,2,,1989
1611,819,1,1,,1989
1612,820,2,2,38,1989
1613,820,1,2,38,1989
1614,820,1,1,38,1989
1615,821,1,2,,1989
1616,822,1,2,,1989
1617,822,2,2,,1989
1618,822,1,1,,1989
1619,822,9,2,,1989
1620,823,1,2,,1989
1621,823,1,1,,1989
1622,824,9,2,36,1989
1623,825,1,2,102,1989
1624,825,1,1,102,1989
1625,826,1,2,,1989
1626,826,1,1,,1989
1627,827,1,2,,1989
1628,827,1,1,,1989
1629,828,1,2,,1989
1630,828,1,1,,1989
1631,138,5,2,,1989
1632,829,1,1,,1989
1633,830,1,1,22,1989
1634,831,1,1,65,1989
1635,832,1,1,78,1989
1636,833,1,1,,1989
1637,834,1,2,103,1989
1638,834,1,1,103,1989
1639,835,1,1,44,1989
1640,836,1,2,38,1989
1641,836,1,1,38,1989
1642,836,2,2,38,1989
1643,836,9,2,38,1989
1644,837,1,2,67,1989
1645,837,1,1,67,1989
1646,813,1,2,,1989
1647,813,1,1,,1989
1648,838,1,2,104,1989
1649,838,1,1,104,1989
1650,839,1,2,105,1989
1651,839,1,1,105,1989
1652,840,1,2,,1989
1653,840,1,1,,1989
1654,841,1,1,,1989
1655,842,1,1,,1989
1656,843,1,2,13,1989
1657,843,1,1,13,1989
1658,844,1,2,,1989
1659,844,1,1,,1989
1660,845,1,2,88,1989
1661,846,1,2,,1989
1662,846,1,1,,1989
1663,847,1,1,,1989
1664,848,1,1,16,1989
1665,849,1,1,106,1989
1666,850,1,1,,1989
1667,851,1,1,,1989
1668,852,1,2,,1989
1669,853,1,2,190,1989
1670,854,1,2,60,1989
1671,855,1,2,190,1989
1672,856,1,2,,1989
1673,857,1,2,,1989
1674,858,1,2,,1989
1675,859,1,2,,1989
1676,860,1,2,13,1989
1677,861,1,2,29,1989
1678,862,1,2,,1989
1679,863,1,2,107,1989
1680,864,1,2,,1989
1681,865,1,2,,1989
1682,866,1,2,,1989
1683,867,1,2,,1989
1684,868,1,2,,1989
1685,869,1,2,108,1989
1686,870,1,2,60,1989
1687,871,1,2,103,1989
1688,872,1,2,,1989
1689,873,1,2,,1989
1690,874,1,2,109,1989
1691,875,1,2,110,1989
1692,876,1,2,,1989
1693,877,1,2,,1989
1694,878,1,2,,1989
1695,879,1,2,60,1989
1696,880,1,1,2,1989
1697,881,1,2,82,1989
1698,881,1,1,82,1989
1699,882,1,2,111,1989
1700,882,1,1,111,1989
1701,883,1,2,,1989
1702,883,1,1,,1989
1703,884,1,2,,1989
1704,884,1,1,,1989
1705,885,1,2,,1989
1706,885,1,1,,1989
1707,886,1,2,,1989
1708,886,1,1,,1989
1709,887,1,1,92,1989
1710,888,1,2,,1989
1711,888,1,1,,1989
1712,888,2,2,112,1989
1713,888,9,2,,1989
1714,889,1,1,,1989
1715,890,1,2,1,1989
1716,890,1,1,1,1989
1717,891,1,2,113,1989
1718,891,1,1,113,1989
1724,893,1,2,71,1989
1720,892,1,2,114,1989
1721,892,1,1,114,1989
1722,892,2,2,114,1989
1723,892,9,2,114,1989
1725,893,1,1,71,1989
1726,894,1,2,,1989
1727,894,1,1,,1989
1728,895,1,2,,1989
1729,895,1,1,,1989
1730,896,1,2,,1989
1731,409,1,2,,1989
1732,898,1,2,,1989
1733,899,1,2,56,1989
1734,900,1,2,,1989
1735,901,1,1,,1989
1736,902,3,2,,1986
1737,754,3,2,,1986
1738,148,3,2,,1986
1739,906,1,2,,1989
1740,906,1,1,,1989
1741,906,9,2,,1989
1742,906,2,2,,1989
1743,907,1,2,,1989
1744,907,1,1,,1989
1745,908,1,2,,1989
1746,908,1,1,,1989
1747,909,1,2,,1989
1748,909,1,1,,1989
1749,909,9,2,,1989
1750,909,2,1,,1989
1751,910,1,2,87,1989
1752,910,1,1,87,1989
1753,910,9,2,87,1989
1754,910,2,2,87,1989
1755,911,1,2,,1989
1756,911,1,1,,1989
1757,911,9,2,,1989
1758,911,2,2,,1989
1759,912,2,2,,1989
1760,913,1,2,,1989
1761,913,1,1,,1989
1762,914,1,2,,1989
1763,914,1,1,,1989
1764,914,2,2,,1989
1765,914,9,2,,1989
1766,915,1,2,116,1989
1767,915,1,1,116,1989
1768,916,1,2,,1989
1769,916,1,1,,1989
1770,916,9,2,,1989
1771,916,2,2,,1989
1772,917,1,1,,1989
1773,918,1,2,,1989
1774,918,1,1,,1989
1775,919,1,2,,1989
1776,919,1,1,,1989
1777,30,1,2,,1989
1778,921,1,2,,1989
1779,922,1,2,117,1989
1780,923,1,2,118,1989
1781,924,1,2,,1989
1782,925,1,2,56,1989
1783,926,1,2,,1989
1784,927,1,2,,1989
1785,928,1,2,,1989
1786,929,1,2,119,1989
1787,929,1,1,119,1989
1788,930,1,2,,1989
1789,930,1,1,,1989
1790,931,15,1,53,1988
1791,931,1,2,120,1989
1792,931,1,1,120,1989
1793,931,16,1,53,1988
1794,932,1,2,,1989
1795,932,1,1,,1989
1796,933,1,2,,1989
1797,933,1,1,,1989
1798,934,1,1,19,1989
1799,935,1,2,,1989
1800,935,1,1,,1989
1801,936,1,2,,1989
1802,936,1,1,,1989
1803,937,1,2,,1989
1804,937,1,1,,1989
1805,938,1,2,,1989
1806,939,1,2,120,1989
1807,940,5,2,,1989
1808,941,1,2,121,1989
1809,942,1,2,,1989
1810,881,9,2,,1989
1811,881,5,2,,1989
1812,219,5,2,,1989
1813,716,5,2,,1989
1814,542,5,2,,1989
1815,168,9,2,,1989
1816,582,5,2,,1989
1817,834,9,2,,1989
1818,943,1,2,82,1989
1819,943,1,1,82,1989
1820,944,1,2,,1989
1821,944,1,1,,1989
1822,944,9,2,,1989
1823,944,2,2,,1989
1824,945,1,2,,1989
1825,945,1,1,,1989
1826,945,9,2,,1989
1827,945,5,2,,1989
1830,947,1,2,64,1989
1831,947,1,1,64,1989
1832,947,9,2,64,1989
1833,947,2,2,64,1989
1834,948,1,1,57,1989
1835,949,1,1,92,1989
1836,950,1,1,,1989
1837,951,1,2,,1989
1838,951,1,1,,1989
1839,952,1,1,,1989
1840,953,1,2,47,1989
1841,953,1,1,47,1989
1842,954,1,2,42,1989
1843,954,1,1,42,1989
1844,954,9,2,42,1989
1845,955,5,2,,1989
1846,956,1,2,,1989
1847,956,1,1,,1989
1848,957,2,2,122,1989
1849,958,1,2,123,1989
1850,958,1,1,123,1989
1851,959,1,1,24,1989
1852,960,1,2,105,1989
1853,960,1,1,105,1989
1854,961,1,2,52,1989
1855,961,1,1,52,1989
1856,962,1,2,,1989
1857,962,1,1,,1989
1858,963,1,2,106,1989
1859,963,1,1,,1989
1860,964,1,1,,1989
1861,965,1,1,,1989
1862,966,1,1,,1989
1863,967,1,1,,1989
1864,362,5,2,206,1989
1865,968,5,2,,1989
1866,969,5,2,,1989
1867,970,5,2,,1989
1868,970,9,2,,1989
1869,703,5,2,,1989
1870,873,5,2,,1989
1871,672,9,2,,1989
1872,672,2,2,,1989
1873,718,9,2,,1989
1874,718,2,2,,1989
1875,971,1,2,,1989
1876,971,5,2,,1989
1877,333,1,2,,1989
1878,973,1,2,,1989
1879,974,1,1,106,1989
1880,975,1,2,56,1989
1881,975,1,1,56,1989
1882,976,1,2,,1989
1883,976,1,1,,1989
1884,977,1,2,93,1989
1885,977,1,1,93,1989
1886,977,9,2,93,1989
1887,977,9,1,93,1989
1888,977,2,2,93,1989
1889,977,2,1,93,1989
1890,978,1,2,124,1989
1891,978,1,1,124,1989
1892,978,2,2,124,1989
1893,978,9,2,124,1989
1894,978,9,1,124,1989
1895,979,1,2,,1989
1896,979,1,1,,1989
1897,980,1,2,,1989
1898,980,1,1,,1989
1899,981,1,2,112,1989
1900,981,1,1,112,1989
1901,981,2,2,112,1989
1902,981,9,2,112,1989
1903,981,9,1,112,1989
1904,982,1,2,,1989
1905,982,1,1,,1989
1906,983,1,2,,1989
1907,983,1,1,,1989
1908,983,9,2,,1989
1909,983,9,1,,1989
1910,984,1,2,,1989
1911,984,1,1,,1989
1912,985,1,2,126,1989
1913,985,1,1,126,1989
1914,986,1,2,,1989
1915,986,1,1,,1989
1916,987,1,2,45,1989
1917,987,1,1,45,1989
1918,987,2,2,45,1989
1919,987,2,1,45,1989
1920,988,1,2,,1989
1921,988,1,1,,1989
1922,930,2,2,127,1989
1923,930,9,2,,1989
1924,930,9,1,,1989
1925,954,5,2,42,1989
1926,954,5,1,42,1989
1927,717,5,2,42,1989
1930,913,9,2,,1989
1931,913,2,2,,1989
1932,961,2,2,52,1989
1933,961,9,2,,1989
1934,961,9,1,,1989
1935,989,1,2,,1989
1936,989,9,2,,1989
1938,991,1,2,,1989
1939,187,1,2,,1989
1940,993,1,2,,1989
1941,994,1,2,,1989
1942,995,1,2,,1989
1943,995,1,1,,1989
1944,996,1,1,19,1989
1945,997,1,2,,1989
1946,997,1,1,,1989
1947,998,1,2,,1989
1948,998,1,1,,1989
1949,999,1,2,45,1989
1950,999,1,1,45,1989
1951,1000,1,2,,1989
1952,1000,1,1,,1989
1953,1001,1,2,,1989
1954,1001,1,1,,1989
1955,1002,1,2,2,1989
1956,1002,1,1,2,1989
1957,1003,1,2,38,1989
1958,1003,1,1,38,1989
1959,1004,1,2,,1989
1960,1004,1,1,,1989
1961,1005,1,2,,1989
1962,1005,1,1,,1989
1963,1006,1,2,,1989
1964,1006,1,1,,1989
1965,1007,1,2,128,1989
1966,1007,1,1,128,1989
1967,1008,1,2,129,1989
1968,1008,1,1,129,1989
1969,1008,5,2,,1989
1970,1008,5,1,,1989
1971,1008,9,2,,1989
1972,1008,9,1,,1989
1973,1009,1,2,,1989
1974,1009,1,1,,1989
1975,1010,1,2,,1989
1976,1010,1,1,,1989
1977,1010,9,2,,1989
1978,979,2,2,43,1989
1979,979,9,2,43,1989
1980,691,9,2,16,1989
1981,985,9,2,,1989
1982,980,2,2,,1989
1983,331,11,2,,1989
1984,1011,1,2,2,1989
1985,1012,1,2,,1989
1986,1013,1,2,62,1989
1987,1014,1,2,,1989
1988,1015,1,2,,1989
1990,197,1,2,26,1989
1991,1018,1,2,,1989
1994,1019,1,2,,1989
1996,1020,1,1,,1989
1997,1021,1,2,,1989
1998,1021,1,1,,1989
1999,1022,1,2,,1989
2000,1022,1,1,,1989
2001,1023,1,2,124,1989
2002,1023,1,1,124,1989
2003,1023,9,2,124,1989
2004,1024,1,2,,1989
2005,1024,1,1,,1989
2006,1025,1,2,130,1989
2007,1025,1,1,130,1989
2008,1026,1,1,,1989
2009,1027,1,1,188,1989
2010,1028,1,2,105,1989
2011,1028,1,1,105,1989
2012,1029,1,2,,1989
2013,1029,1,1,,1989
2014,1030,1,1,131,1989
2015,1031,1,2,,1989
2016,1031,1,1,,1989
2017,1032,1,1,,1989
2018,999,9,2,,1989
2019,1002,2,2,61,1989
2020,1002,9,2,61,1989
2021,980,9,2,,1989
2022,1003,9,2,38,1989
2023,1006,9,2,,1989
2024,1033,1,2,,1989
2025,1033,1,1,,1989
2026,1034,1,2,,1989
2027,1034,1,1,,1989
2028,1035,1,2,,1989
2029,1035,1,1,,1989
2030,1036,1,2,,1989
2031,1036,1,1,,1989
2032,1037,1,2,120,1989
2033,1038,1,2,,1989
2034,1039,1,2,16,1989
2035,1040,1,2,,1989
2036,1041,11,2,,1989
3465,1858,2,2,,1989
2038,1043,1,2,,1989
2039,1009,9,2,,1989
2040,1044,9,2,,1989
2041,1045,1,2,,1989
2042,1045,1,1,,1989
2043,1046,1,2,52,1989
2044,1046,1,1,52,1989
2045,1047,1,2,,1989
2046,1047,1,1,,1989
2047,1048,1,2,4,1989
2048,1048,1,1,4,1989
2049,1049,1,2,,1989
2050,1049,1,1,,1989
2051,1050,1,2,,1989
2052,1050,1,1,,1989
2053,1049,2,2,132,1989
2054,1051,2,2,,1989
2055,1052,1,2,61,1989
2056,1052,1,1,61,1989
2057,1052,9,2,61,1989
2058,1053,1,2,,1989
2059,1053,1,1,,1989
2060,1054,2,2,,1989
2061,1055,1,2,45,1989
2062,1055,1,1,45,1989
2063,1055,9,2,45,1989
2064,1056,1,2,133,1989
2065,1056,1,1,133,1989
2066,1057,1,2,,1989
2067,1057,1,1,,1989
2068,1058,1,2,105,1989
2069,1058,1,1,105,1989
2070,1059,1,2,134,1989
2071,1059,1,1,134,1989
2072,1059,9,2,134,1989
2073,1059,2,2,134,1989
2074,1020,2,2,,1989
2075,1020,9,2,,1989
2076,1024,9,2,,1989
2077,1060,1,2,,1989
2078,1061,1,2,,1989
2079,1062,1,2,,1989
2080,631,1,2,135,1989
2081,1064,1,2,103,1989
2082,1064,1,1,103,1989
2083,1065,1,2,136,1990
2084,1065,1,1,136,1990
2085,1066,3,2,,1987
2086,1067,3,2,17,1986
2087,1068,3,2,,1987
2089,1069,3,2,,1986
2093,1072,1,2,,1987
2094,1072,2,2,,1987
2095,1073,1,2,,1987
2096,1074,1,2,,1987
2097,1074,9,2,,1987
2098,1074,2,2,,1987
2099,1075,1,2,,1987
2100,1076,1,2,,1987
2101,1077,1,2,,1987
2102,1078,1,2,,1987
2103,1078,2,2,,1987
2104,1079,1,2,,1987
2105,1079,2,2,,1987
2106,1080,1,2,,1987
2107,1080,2,2,,1987
2108,1081,1,2,,1987
2109,1081,2,2,,1987
2110,1082,1,2,,1987
2111,1083,1,2,,1987
2112,1084,1,2,,1987
2113,1084,3,2,,1987
2114,1084,9,2,,1987
2115,1084,2,2,,1987
2116,1085,5,2,,1987
2117,1086,1,2,,1987
2118,1086,1,1,,1987
2119,1086,2,2,,1987
2120,1087,11,2,,1987
2121,1088,11,2,,1987
2122,1089,1,2,,1987
2123,1089,1,1,,1987
2124,1089,3,2,,1987
2125,1089,2,2,,1987
2126,1089,9,2,,1987
2127,1090,3,2,,1987
2128,1091,3,2,,1987
2129,1092,5,2,,1987
2131,1093,1,1,,1988
2132,1093,2,2,,1988
2133,1094,3,2,,1988
2134,1095,1,2,,1988
2135,1095,1,1,,1988
2136,1095,2,2,,1988
2137,1096,1,2,,1988
2138,1096,1,1,,1988
2139,1096,2,2,,1988
2140,1097,1,2,,1988
2141,1097,1,1,,1988
2142,1097,9,2,,1988
2143,1097,2,2,,1988
2144,1098,1,2,,1988
2145,1098,1,1,,1988
2146,1098,9,2,,1988
2147,1098,2,2,,1988
2148,1099,1,2,,1988
2149,1100,1,2,,1988
2150,1100,1,1,,1988
2151,1100,2,2,,1988
2152,1100,5,2,,1988
2153,1101,1,2,,1988
2154,1101,1,1,,1988
2155,1101,2,2,,1988
2156,1101,9,2,,1988
2157,1094,15,4,,1988
2158,1102,3,2,,1988
2159,1103,1,2,,1988
2160,1103,2,2,,1988
2161,1104,3,2,,1988
2162,422,30,4,,1988
2163,151,29,1,,1986
2164,215,29,1,,1987
2165,216,29,1,,1987
2166,277,29,1,,1987
2167,320,29,1,,1987
2168,1105,32,4,,1987
2169,1106,1,2,,1988
2170,1106,1,1,,1988
2171,1106,9,2,,1988
2172,1106,2,2,,1988
2173,1107,1,2,,1988
2174,1108,1,2,,1988
2175,1108,1,1,,1988
2176,1108,2,2,,1988
2177,1108,9,2,,1988
2178,1109,1,2,,1988
2179,1109,1,1,,1988
2180,1109,2,2,,1988
2181,1110,1,2,,1988
2182,1110,1,1,,1988
2183,1111,1,2,,1988
2184,1112,1,2,,1988
2185,1112,1,1,,1988
2186,1112,9,2,,1988
2187,1112,2,2,,1988
2188,1113,1,2,,1988
2189,1113,1,1,,1988
2190,1113,2,2,,1988
2191,1114,1,2,,1988
2192,1114,1,1,,1988
2193,1115,1,2,,1988
2194,1116,1,2,,1988
2195,1117,1,2,,1988
2196,1118,1,2,,1989
2197,1119,1,2,,1989
2198,1120,1,2,,1989
2199,1121,1,2,,1989
2200,1122,1,2,,1989
2201,1123,1,2,,1989
2202,1124,1,2,,1989
2203,1125,1,2,,1989
2204,1125,1,1,,1989
2205,1126,1,2,,1988
2206,1127,1,2,,1988
2207,1128,1,2,,1988
2208,1129,1,2,,1988
2209,1130,1,2,,1988
2210,1131,1,2,,1988
2211,1132,1,2,,1988
2212,1133,1,2,,1988
2213,1134,1,2,,1988
2214,1135,1,2,,1988
2215,1136,1,2,,1988
2216,1137,1,2,,1988
2217,1138,1,2,,1988
2218,1139,1,2,,1988
2219,1140,1,2,,1988
2220,1141,1,2,,1988
2221,1142,1,2,,1988
2222,1143,1,2,,1988
2223,1144,1,2,,1988
2224,1145,1,2,,1988
2225,1146,1,2,,1988
2226,1147,1,2,,1988
2227,1148,1,2,,1988
2228,1149,1,2,,1988
2229,1150,1,2,,1988
2230,1151,1,2,,1988
2231,1152,1,2,,1988
2232,1153,1,2,,1988
2233,766,1,2,,1987
2234,1154,23,5,137,1990
2235,1054,1,2,,1990
2236,1054,1,1,,1990
2237,1054,9,2,,1990
2238,1155,1,1,2,1990
2239,1021,9,2,,1990
2240,1021,2,2,,1990
2241,1029,2,2,129,1990
2242,1156,1,2,,1990
2243,1156,1,1,,1990
2244,1157,1,2,,1990
2245,1158,1,2,56,1990
2246,1158,1,1,56,1990
2247,1159,1,2,112,1990
2248,1159,1,1,112,1990
2249,1046,9,2,,1990
2250,1160,9,2,,1990
2251,1045,9,2,,1990
2252,1045,9,1,,1990
2253,1161,1,2,,1990
2254,1161,1,1,,1990
2255,995,9,2,,1990
2256,1162,1,2,,1990
2257,1162,1,1,,1990
2258,1163,1,2,,1990
2259,1163,1,1,,1990
2260,1164,1,2,133,1990
2261,1164,1,1,133,1990
2262,1165,1,2,,1990
2263,1165,1,1,,1990
2264,1166,1,2,,1990
2265,1166,1,1,,1990
2266,1166,2,2,,1990
2267,1166,9,2,,1990
2268,1166,2,1,,1990
2269,1166,9,1,,1990
2270,1167,1,2,,1990
2271,1167,1,1,,1990
2272,1168,1,2,74,1990
2273,1168,1,1,74,1990
2274,1169,1,2,45,1990
2275,1169,1,1,45,1990
2276,1170,1,1,4,1990
2277,1051,1,2,45,1990
2278,1051,1,1,45,1990
2279,1172,1,2,,1990
2280,1172,1,1,,1990
2281,1173,1,2,,1990
2282,1173,1,1,,1990
2283,1174,1,2,,1990
2284,1174,1,1,,1990
2285,1175,1,2,38,1990
2286,1175,1,1,38,1990
2287,1176,1,2,138,1990
2288,1176,1,1,138,1990
2289,1176,9,2,90,1990
2290,1176,2,2,90,1990
2291,1064,2,2,103,1990
2292,1177,1,1,19,1990
2293,1178,1,2,,1990
2294,1178,1,1,,1990
2295,1178,9,2,,1990
2296,1179,1,2,,1990
2297,1179,1,1,,1990
2298,1179,9,2,,1990
2299,1180,1,2,,1990
2300,1180,1,1,,1990
2301,1181,1,2,,1990
2302,1181,1,1,,1990
2303,1182,1,2,,1990
2304,1183,1,2,,1990
2305,1183,9,2,,1990
2306,1184,1,2,,1990
2307,859,1,2,,1990
2308,1186,1,2,56,1990
2309,1186,1,1,56,1990
2310,1187,1,1,139,1990
2311,1188,1,2,,1990
2312,1188,1,1,,1990
2313,1189,1,2,140,1990
2314,1189,1,1,140,1990
2315,1190,1,2,,1990
2316,1191,1,1,,1990
2317,1192,1,1,,1990
2318,1193,1,2,,1990
2319,1193,1,1,,1990
2320,1194,1,2,,1990
2321,1194,1,1,,1990
2322,1195,9,2,45,1990
2323,1196,1,2,,1990
2324,1196,1,1,,1990
2325,1197,1,1,,1990
2326,1198,1,2,120,1990
2327,1199,1,2,13,1990
2328,1200,23,5,137,1990
2331,1202,1,2,,1990
2330,1201,1,2,,1990
2332,1202,1,1,,1990
2333,1203,1,2,,1990
2334,1203,1,1,,1990
2335,1204,1,2,141,1990
2336,1204,1,1,141,1990
2337,1205,1,2,142,1990
2338,1205,1,1,142,1990
2339,1206,1,2,,1990
2340,1206,1,1,,1990
2341,1207,1,2,,1990
2342,1208,1,2,,1990
2343,1209,1,2,,1990
2344,1209,1,1,,1990
2345,1210,1,1,,1990
2346,1211,1,2,,1990
2347,1211,1,1,,1990
2348,1212,1,2,,1990
2349,1212,1,1,,1990
2350,1213,1,2,,1990
2351,1214,1,2,61,1990
2352,1215,1,2,,1990
2353,1215,27,2,,1990
2354,1216,1,2,,1990
2355,1008,2,2,129,1990
2356,998,2,2,,1990
2357,1217,1,2,,1990
2358,1217,1,1,,1990
2359,1218,1,1,,1990
2360,1219,1,1,,1990
2361,1220,1,2,,1990
2362,1220,1,1,,1990
2363,1220,2,2,143,1990
2364,1220,9,2,,1990
2365,1221,1,2,,1990
2366,1221,1,1,,1990
2367,1222,1,2,,1990
2368,1222,1,1,,1990
2369,1222,9,2,,1990
2370,1222,2,2,,1990
2371,1223,1,2,129,1990
2372,1223,1,1,129,1990
2373,1223,9,2,,1990
2374,1223,5,2,,1990
2375,1223,2,2,129,1990
2376,1224,1,1,,1990
2377,1009,25,5,,1990
2378,1225,25,5,,1990
2379,1226,1,2,,1990
2380,1226,1,1,,1990
2381,1227,1,2,,1990
2382,1227,1,1,,1990
2383,1228,1,2,,1990
2384,1228,1,1,,1990
2385,1229,1,2,214,1990
2386,1229,1,1,214,1990
2387,1230,1,1,,1990
2388,1231,1,1,2,1990
2389,1232,1,2,16,1990
2390,1232,9,2,16,1990
2391,1232,2,2,16,1990
2392,1233,1,2,,1990
2393,1234,1,2,,1990
2394,1235,1,2,,1990
2395,1236,1,2,,1990
2396,1237,1,2,,1990
2397,1237,9,2,,1990
2398,1238,1,2,,1990
2399,1168,2,2,74,1990
2400,1168,32,4,74,1990
2401,1239,1,2,,1990
2402,1239,1,1,,1990
2403,1240,1,2,144,1990
2404,1240,1,1,144,1990
2405,1241,1,1,44,1990
2406,1242,1,2,145,1990
2407,1242,1,1,145,1990
2408,1243,1,1,,1990
2409,1244,1,2,146,1990
2410,1244,1,1,146,1990
2411,1245,1,2,,1990
2412,1245,1,1,,1990
2413,1245,2,2,127,1990
2414,1245,9,2,,1990
2415,1246,1,2,124,1990
2416,1246,1,1,124,1990
2417,1246,2,2,124,1990
2418,1247,1,2,147,1990
2419,1247,1,1,147,1990
2420,1248,1,2,,1990
2421,1248,1,1,,1990
2422,1249,1,2,,1990
2423,1249,1,1,,1990
2424,1250,1,1,148,1990
2425,1251,1,2,,1990
2426,1251,1,1,,1990
2427,1251,2,2,,1990
2428,1252,1,2,,1990
2429,1252,1,1,,1990
2430,1253,1,2,,1990
2431,1253,1,1,,1990
2432,1253,9,2,,1990
2433,1253,9,1,,1990
2434,1254,25,5,,1990
2435,1255,1,2,,1990
2436,1255,9,2,,1990
2437,1256,1,2,,1990
2438,1257,1,1,204,1990
2439,1258,1,1,,1990
2440,1259,1,1,,1990
2441,1260,1,2,,1990
2442,1260,1,1,,1990
2443,1261,1,2,,1990
2444,1261,1,1,,1990
2445,1262,1,2,149,1990
2446,1262,1,1,149,1990
2447,1263,1,2,,1990
2448,1263,1,1,,1990
2449,1265,25,5,,1990
2450,1266,25,5,,1990
2451,1267,1,2,,1990
2452,1267,1,1,,1990
2453,1268,1,2,45,1990
2454,1268,1,1,45,1990
2455,1269,1,2,,1990
2456,1270,1,2,,1990
2457,1271,1,2,,1990
2458,1272,1,2,,1990
2459,1273,1,2,,1990
2460,1274,1,2,16,1990
2461,1274,1,1,16,1990
2462,1275,1,1,,1990
2463,1276,1,2,45,1990
2464,1276,1,1,45,1990
2465,1277,1,2,,1990
2466,1277,1,1,,1990
2467,1278,1,1,,1990
2468,1279,1,1,111,1990
2469,1280,1,1,82,1990
2470,1280,9,1,82,1990
2471,1281,1,1,150,1990
2472,1282,25,5,,1990
2473,1283,1,1,,1990
2474,1167,2,2,,1990
2475,1284,1,2,,1990
2476,1285,1,1,151,1990
2477,1286,1,1,,1990
2478,1287,1,2,147,1990
2479,1287,1,1,147,1990
2480,1288,1,2,,1990
2481,1288,1,1,,1990
2482,1289,1,2,,1990
2483,1289,1,1,,1990
2484,1290,1,2,129,1990
2485,1290,1,1,129,1990
2486,1290,2,2,129,1990
2487,1291,1,2,,1990
2488,1291,1,1,,1990
2489,1292,1,2,56,1990
2490,1292,1,1,56,1990
2491,1293,1,2,56,1990
2492,1293,1,1,56,1990
2493,1294,1,2,124,1990
2494,1294,1,1,124,1990
2495,1295,1,2,,1990
2496,1295,1,1,,1990
2497,1296,25,5,,1990
2498,1297,1,2,,1990
2499,1297,1,1,,1990
2500,1298,1,2,,1990
2501,1299,1,2,38,1990
2502,1299,1,1,38,1990
2503,1300,1,2,152,1990
2504,1300,1,1,152,1990
2505,1301,1,2,,1990
2506,1301,1,1,,1990
2507,1302,1,2,,1990
2508,1302,1,1,,1990
2509,1303,1,1,16,1990
2510,1304,1,2,124,1990
2511,1304,1,1,124,1990
2512,1305,1,2,,1990
2513,1306,1,2,,1990
2514,1306,1,1,,1990
2515,1307,1,2,45,1990
2516,1307,1,1,45,1990
2517,1308,25,5,,1990
2518,1309,25,5,,1990
2519,1310,9,2,,1990
2520,1310,9,1,,1990
2521,1311,25,5,,1990
2522,1312,25,5,,1990
2523,1313,25,5,,1990
2524,1314,25,5,,1990
2525,1315,25,5,,1990
2526,1316,1,5,38,1990
2527,1317,1,2,,1990
2528,1317,1,1,,1990
2529,1310,1,2,52,1990
2530,1310,1,1,52,1990
2531,1318,1,2,103,1990
2532,1318,1,1,103,1990
2533,1319,1,2,214,1990
2534,1319,1,1,214,1990
2535,1320,1,2,,1990
2536,1320,1,1,,1990
2537,1321,1,2,153,1990
2538,1321,1,1,153,1990
2539,1322,1,2,,1990
2540,1323,2,2,154,1990
2541,1324,26,5,,1990
2542,1324,23,5,,1990
2543,1325,33,5,,1990
2544,1326,2,2,,1990
2545,1327,1,2,,1990
2546,1327,1,1,,1990
2547,1328,23,5,,1990
2548,1329,1,2,,1990
2549,1329,1,1,,1990
2550,1331,25,5,,1990
2551,1332,1,5,,1991
2552,1333,1,5,,1991
2553,1334,26,5,,1991
2554,1335,1,2,43,1991
2555,1335,1,1,43,1991
2556,1335,1,5,43,1991
2557,1336,28,5,,1991
2558,1337,1,5,45,1991
2559,1338,1,2,61,1991
2560,1338,1,1,61,1991
2561,1339,1,2,,1991
2562,1339,1,1,,1991
2563,1340,1,2,155,1991
2564,1340,1,1,155,1991
2565,1341,25,5,,1991
2566,1342,1,2,,1991
2567,1342,1,1,,1991
2568,1343,1,2,82,1991
2569,1343,1,1,82,1991
2570,1343,9,2,82,1991
2571,1343,9,1,82,1991
2572,1344,1,2,,1991
2573,1344,1,1,,1991
2574,1345,24,5,,1991
2575,1346,1,2,,1991
2576,1346,1,1,,1991
2577,1347,1,5,45,1991
2578,1348,1,2,,1991
2579,1348,1,1,,1991
2580,1349,1,5,89,1991
2581,1350,1,2,156,1991
2582,1350,1,1,156,1991
2583,1351,1,1,8,1991
2584,1352,1,2,,1991
2585,1353,1,2,45,1991
2586,1353,1,1,45,1991
2587,1354,25,5,,1991
2588,1355,1,2,,1991
2589,1356,1,2,,1991
2590,1357,1,1,,1991
2591,1358,1,2,,1991
2592,1358,1,1,,1991
2593,1359,25,5,,1991
2594,1360,1,2,,1991
2595,1361,1,2,,1991
2596,1361,1,1,,1991
2597,1362,1,2,,1991
2598,1362,1,1,,1991
2599,1363,1,2,118,1991
2600,1364,1,2,,1991
2601,1365,1,2,,1991
2602,1365,1,1,,1991
2603,1366,1,2,,1991
2604,1366,1,1,,1991
2605,1367,1,2,2,1991
2606,1367,1,1,2,1991
2607,1368,1,2,,1991
2608,1368,1,1,,1991
2609,1369,1,5,,1991
2610,1370,1,2,,1991
2611,1370,1,1,,1991
2612,1371,1,1,157,1991
2613,1371,9,2,157,1991
2614,1371,1,2,,1991
2615,1372,23,5,,1991
2616,1373,1,2,,1991
2617,1373,1,1,,1991
2618,1374,1,2,38,1991
2619,1374,1,1,38,1991
2620,1375,24,5,,1991
2621,1318,9,2,,1991
2622,1376,1,2,158,1991
2623,1376,1,1,158,1991
2624,1377,1,2,,1991
2625,1377,1,1,,1991
2626,1378,33,5,,1991
2627,1379,1,1,19,1991
2628,1380,1,2,,1991
2629,1380,1,1,,1991
2630,1381,1,2,,1991
2631,1381,1,1,,1991
2632,1382,25,5,,1991
2633,1383,1,2,,1991
2634,1383,1,1,,1991
2635,1384,1,2,,1991
2636,1384,1,1,,1991
2637,1385,1,2,,1991
2638,1385,1,1,,1991
2639,1386,33,5,,1991
2640,1387,1,2,82,1991
2641,1387,1,1,82,1991
2642,1388,1,1,,1991
2643,1389,1,2,,1991
2644,1390,1,2,,1991
2645,1391,1,2,,1991
2646,1391,1,1,,1991
2647,1392,1,2,,1991
2648,1392,1,1,,1991
2649,1393,1,2,,1991
2650,1393,1,1,,1991
2651,1394,1,2,,1991
2652,1395,1,2,159,1991
2653,1396,1,2,158,1991
2654,1396,1,1,158,1991
2655,1397,1,2,,1991
2656,1397,1,1,,1991
2657,1398,1,2,149,1991
2658,1399,1,2,214,1991
2659,1399,1,1,214,1991
2660,1400,25,5,,1991
2661,1401,1,2,45,1991
2662,1401,1,1,45,1991
2663,1402,1,1,,1991
2664,1403,9,2,,1991
2665,1403,9,1,,1991
2666,1404,1,2,,1991
2667,1404,1,1,,1991
2668,1405,1,2,,1991
2669,1405,1,1,,1991
2670,1406,1,2,,1991
2671,1406,1,1,,1991
2672,1407,1,2,,1991
2673,1408,1,2,160,1991
2674,1408,1,1,160,1991
2675,1409,1,2,38,1991
2676,1409,1,1,38,1991
2677,1410,1,2,,1991
2678,1410,1,1,,1991
2679,1411,1,2,,1991
2680,1411,1,1,,1991
2681,1412,1,2,,1991
2682,1412,1,1,,1991
2683,1413,1,2,16,1991
2684,1413,1,1,16,1991
2685,1414,25,5,,1991
2686,1415,23,5,,1991
2687,1416,1,2,,1991
2688,1417,1,2,,1991
2689,1417,1,1,,1991
2690,1418,1,1,,1991
2691,1419,1,2,82,1991
2692,1419,1,1,82,1991
2693,1419,9,2,82,1991
2694,1419,9,1,82,1991
2695,1420,1,2,,1991
2696,1420,1,1,,1991
2697,1421,1,2,,1991
2698,1421,1,1,,1991
2699,1422,1,2,,1991
2700,1422,1,1,,1991
2701,1423,1,2,,1991
2702,1423,1,1,,1991
2703,1424,1,2,,1991
2704,1424,1,1,,1991
2705,1425,25,5,,1991
2706,1426,1,2,,1991
2707,1426,1,1,,1991
2708,1427,1,2,103,1991
2709,1427,1,1,103,1991
2710,1428,1,2,,1991
2711,1429,1,2,,1991
2712,1430,1,2,,1991
2713,1430,1,1,,1991
2714,1431,24,5,,1991
2715,1432,1,2,45,1991
2716,1432,1,1,45,1991
2717,1433,1,1,,1991
2718,1434,1,2,,1991
2719,1435,1,2,,1991
2720,1436,1,2,161,1991
2721,1436,1,1,161,1991
2722,1437,1,2,,1991
2723,1437,1,1,,1991
2724,1438,1,2,,1991
2725,1438,1,1,,1991
2726,1439,1,2,,1991
2727,1439,1,1,,1991
2728,1440,1,2,,1991
2729,1440,1,1,,1991
2730,1441,1,2,,1991
2731,1441,1,1,,1991
2732,1442,1,2,149,1991
2733,1442,1,1,149,1991
2734,1443,1,2,,1991
2735,1443,1,1,,1991
2736,1444,1,2,,1991
2737,1444,1,1,,1991
2738,1445,1,2,,1991
2739,1445,1,1,,1991
3131,1704,1,1,214,1993
2741,1446,1,5,,1991
2742,1447,1,2,,1991
2743,1447,1,1,,1991
2744,1448,1,2,,1991
2745,1448,1,1,,1991
2746,1449,1,2,,1991
2747,1449,1,1,,1991
2748,1450,1,2,,1991
2749,1451,25,5,,1991
2750,1452,24,5,,1991
2751,1453,1,2,,1991
2752,1453,1,1,,1991
2753,1453,1,5,,1991
2754,1454,1,2,,1991
2755,1454,1,1,,1991
2756,1455,1,5,,1991
2757,1456,1,2,,1991
2758,1456,1,1,,1991
2759,1457,1,2,,1991
2760,1457,1,1,,1991
2761,1458,1,2,,1991
2762,1458,1,1,,1991
2763,1459,1,2,,1991
2764,1459,1,1,,1991
2765,1460,1,2,,1991
2766,1460,1,1,,1991
2767,1461,1,2,,1991
2768,1461,1,1,,1991
2769,1462,1,2,158,1991
2770,1462,1,1,158,1991
2771,1463,1,2,162,1991
2772,1464,1,2,,1991
2773,1465,1,2,146,1991
2774,1465,1,1,146,1991
2775,1466,1,2,45,1991
2776,1466,1,1,45,1991
2777,1467,1,2,,1991
2778,1467,1,1,,1991
2779,1468,1,2,,1991
2780,1468,1,1,,1991
2781,1469,1,2,103,1991
2782,1470,24,5,,1991
2783,1471,24,5,,1991
2784,1472,1,2,,1991
2785,1472,1,1,,1991
2786,1472,1,5,,1991
2787,1473,1,2,154,1991
2788,1473,1,1,154,1991
2789,1474,1,2,82,1991
2790,1474,1,1,82,1991
2791,1475,1,2,,1991
2792,1475,1,1,,1991
2793,1333,33,5,,1991
2794,1477,1,2,,1991
2795,1478,1,2,,1991
2796,1478,1,1,,1991
2797,1479,1,1,,1991
2798,1480,1,2,,1991
2799,1480,1,1,,1991
2800,1481,1,2,,1991
2801,1482,1,2,,1991
2802,1483,1,2,,1991
2803,1483,1,1,,1991
2804,1484,1,2,,1991
2805,1484,1,1,,1991
2806,1485,1,2,,1991
2807,1486,1,2,146,1991
2808,1486,1,1,146,1991
2809,1487,1,2,,1991
2810,1487,1,1,,1991
2811,1323,1,2,154,1991
2812,1323,1,1,154,1991
2813,1488,1,2,,1991
2814,1488,1,1,,1991
2815,1489,1,2,,1991
2816,1489,1,1,,1991
2817,1490,1,1,,1991
2818,1491,1,1,,1991
2819,1492,1,1,163,1991
2820,1493,1,1,,1991
2821,1494,1,2,,1991
2822,1494,1,1,,1991
2823,1495,1,2,,1991
2824,1496,1,2,,1991
2825,1497,1,2,,1991
2826,1498,1,2,,1991
2827,1499,1,2,112,1991
2828,1500,1,2,,1991
2829,1500,1,1,,1991
2830,1501,1,2,,1991
2831,1501,1,1,,1991
2832,1502,1,1,,1991
2833,1503,1,2,,1991
2834,1503,1,1,,1991
2835,1504,1,2,,1991
2836,1504,1,1,,1991
2837,1505,1,1,,1991
2838,1506,1,2,82,1991
2839,1506,1,1,82,1991
2840,1507,1,2,118,1991
2841,1508,1,2,,1991
2842,1508,1,1,,1991
2843,1509,1,2,,1991
2844,1509,1,1,,1991
2845,1510,1,2,,1991
2846,1510,1,1,,1991
2847,1511,1,2,,1991
2848,1511,1,1,,1991
2849,1512,1,2,,1991
4235,2239,25,5,36,1989
2851,1514,1,2,52,1992
2852,1514,1,1,52,1992
2853,1515,1,2,158,1992
2854,1515,1,1,158,1992
2855,1516,1,1,,1992
2856,1517,1,2,118,1992
2857,1517,1,1,118,1992
2858,1518,1,2,,1992
2859,1518,1,1,,1992
2860,1519,1,2,158,1992
2861,1519,1,1,158,1992
2862,1520,1,2,45,1992
2863,1520,1,1,45,1992
2864,1521,1,2,,1992
2865,1521,1,1,,1992
2866,1522,1,2,38,1992
2867,1522,1,1,38,1992
2868,1523,1,2,,1992
2869,1523,1,1,,1992
2870,1524,1,1,,1992
2871,1525,1,2,,1992
2872,1525,1,1,,1992
2873,1526,1,2,,1992
2874,1527,1,2,,1992
2875,1528,1,2,,1992
2876,1529,1,2,,1992
2877,1530,1,2,,1992
2878,1531,1,2,,1992
2879,1532,1,2,,1992
2880,1454,2,2,,1992
2881,1533,1,2,,1992
2882,1533,1,1,,1992
2883,1534,1,2,,1992
2884,1534,1,1,,1992
2885,1535,1,2,,1992
2886,1535,1,1,,1992
2887,1536,1,2,,1992
2888,1536,1,1,,1992
2889,1537,1,2,,1992
2890,1537,1,1,,1992
2891,1538,1,2,,1992
2892,1523,9,2,,1992
2893,1380,9,2,,1992
2894,1472,9,2,,1992
2895,1534,9,2,,1992
2896,1518,9,2,,1992
2897,1514,9,2,,1992
2898,1473,9,2,,1992
2899,1539,9,2,,1992
2900,1540,1,2,,1992
2901,1541,1,2,,1992
2902,1541,1,1,,1992
2903,1542,1,2,,1992
2904,1542,1,1,,1992
2905,1543,1,2,,1992
2906,1544,1,2,,1992
2907,1544,1,1,,1992
2908,1370,2,2,164,1992
2909,1370,32,4,164,1992
2910,1545,1,2,165,1992
2911,1545,1,1,165,1992
2912,1546,1,2,,1992
2913,1546,1,1,,1992
2914,1547,1,2,,1992
2915,1547,1,1,,1992
2916,1548,1,2,,1992
2917,1549,1,2,,1992
2918,1550,1,2,,1992
2919,1551,1,2,205,1988
2920,1552,1,2,,1992
2921,1553,1,2,,1992
2922,1554,1,2,,1992
2923,1555,1,2,,1992
2924,1556,1,2,,1992
2925,1517,9,2,,1992
2926,1557,1,2,118,1992
2927,1557,1,1,,1992
2928,1558,9,2,,1992
2929,1559,1,2,,1992
2930,1559,1,1,,1992
2931,1560,2,2,166,1992
2932,1561,1,2,158,1992
2933,1561,1,1,158,1992
2934,1562,1,2,,1992
2935,1562,1,1,,1992
2936,1563,1,2,214,1992
2937,1563,1,1,214,1992
2938,1564,1,1,,1992
2939,1565,1,2,214,1992
2940,1565,1,1,214,1992
2941,1566,1,1,,1992
2942,1567,1,2,,1992
2943,1567,1,1,,1992
2944,1568,1,2,,1992
2945,1568,1,1,,1992
2946,1569,1,2,,1992
2947,1569,1,1,,1992
2948,1570,1,2,,1992
2949,1571,1,2,,1992
2950,1571,1,1,,1992
2951,1572,1,2,,1992
2952,1572,1,1,,1992
2953,1573,1,2,,1992
2954,1573,1,1,,1992
2955,1574,9,2,,1992
2956,1535,2,2,167,1992
2957,1575,1,2,124,1992
2958,1575,1,1,124,1992
2959,1576,1,2,,1992
2960,1576,1,1,,1992
2961,1577,1,2,,1992
2962,1577,1,1,,1992
2963,1578,1,2,,1992
2964,1578,1,1,,1992
2965,1579,1,2,,1992
2966,1579,1,1,,1992
2967,1580,1,2,,1992
2968,1581,1,2,,1992
2969,1582,1,2,45,1992
2970,1583,1,2,42,1992
2971,1584,1,2,124,1992
2972,1585,1,2,124,1992
2973,1586,1,2,,1992
2974,1587,1,2,,1992
2975,1588,1,2,,1992
2976,1462,2,2,158,1992
2977,1590,1,2,,1992
2978,1590,1,1,,1992
2979,1591,1,2,,1992
2980,1591,1,1,,1992
2981,1592,1,2,,1992
2982,1592,1,1,,1992
2983,1593,1,2,,1992
2984,1593,1,1,,1992
2985,1594,1,2,169,1992
2986,1594,1,1,169,1992
2987,1595,1,2,,1992
2988,1595,1,1,,1992
2989,1596,1,2,,1992
2990,1597,1,2,,1992
2991,1598,23,5,,1992
2992,1599,26,5,,1992
2993,1600,26,5,,1992
2994,1601,23,5,,1992
2995,1602,26,5,,1992
2996,1603,2,2,,1992
2997,1604,1,2,,1992
2998,1603,1,2,,1992
2999,1605,1,2,,1992
3000,1605,1,1,,1992
3001,1606,1,2,,1992
3002,1606,1,1,,1992
3003,1607,1,2,38,1992
3004,1608,1,2,,1992
3005,1609,1,2,,1992
3006,975,23,5,,1992
3007,1610,23,5,,1992
3008,1611,23,5,,1992
3009,1612,26,5,,1992
3010,1613,23,5,,1992
3011,1614,2,2,170,1992
3012,1614,1,2,,1992
3013,1615,1,2,,1992
3014,1615,1,1,,1992
3015,1614,1,1,,1992
3016,1616,1,2,,1992
3017,1616,1,1,,1992
3018,1617,1,2,,1992
3019,1617,1,1,,1992
3020,1618,1,2,,1992
3021,1618,1,1,,1992
3022,1619,1,2,,1992
3023,1620,1,2,,1992
3024,1621,23,5,,1992
3025,1622,23,5,,1992
3026,1333,26,5,,1992
3834,1982,15,4,,1991
3028,1623,26,5,,1992
3029,1522,2,2,38,1992
3030,1612,2,2,,1992
3031,1624,1,2,,1992
3032,1624,1,1,,1992
3033,1625,1,2,,1992
3034,1625,1,1,,1992
3035,1626,1,2,16,1992
3036,1627,1,2,,1992
3037,1627,1,1,,1992
3038,1628,1,2,,1992
3039,1629,1,2,129,1992
3040,1629,1,1,129,1992
3041,1630,23,5,,1992
3042,1631,26,5,,1992
3043,1632,26,5,,1992
3044,1633,23,5,,1992
3045,1634,26,5,,1992
3046,1635,26,5,,1992
3047,1636,23,5,,1992
3048,1637,26,5,,1992
3049,1638,2,2,172,1992
3050,1639,1,1,,1992
3051,1640,1,2,,1992
3052,1641,1,2,,1992
3053,1642,1,2,38,1992
3054,1643,9,2,,1992
3055,1644,1,2,,1992
3056,1644,9,2,,1992
3057,1645,23,5,,1992
3058,1462,23,5,158,1992
3059,1646,23,5,171,1992
3060,1647,23,5,,1992
3061,1648,23,5,,1992
3062,1649,26,5,,1992
3063,1650,26,5,,1992
3064,1651,26,5,,1992
3065,1652,26,5,,1992
3066,1653,2,2,,1992
3067,1654,1,1,,1992
3068,1655,1,2,173,1992
3069,1656,1,2,,1992
3070,1657,1,2,91,1992
3071,1658,1,2,,1992
3072,1659,1,2,,1992
3073,1660,1,2,,1992
3074,1661,1,2,,1992
3075,1662,23,5,,1992
3076,1663,23,5,,1992
3077,1603,23,5,,1992
3078,1603,26,5,,1992
3079,1664,26,5,,1992
3080,1665,26,5,,1992
3081,1666,26,5,,1992
3082,1667,26,5,,1992
3083,1668,23,5,,1992
3084,1669,26,5,,1992
3085,1670,26,5,,1992
3086,1671,26,5,,1992
3087,1672,1,1,,1993
3088,1673,1,2,,1993
3089,1673,1,1,,1993
3090,1674,1,2,,1993
3091,1675,1,2,,1993
3092,1676,1,2,,1993
3093,1677,1,2,,1993
3094,975,2,2,56,1993
3095,1678,9,2,,1993
3096,1679,1,2,,1993
3097,1679,1,1,,1993
3098,1679,1,5,,1993
3099,1680,1,2,,1993
3100,1680,1,1,,1993
3101,1681,1,1,,1993
3102,1682,1,2,,1993
3103,1682,1,1,,1993
3104,1683,1,1,,1993
3105,1684,1,2,,1993
3106,1684,9,2,,1993
3107,1685,1,2,144,1993
3108,1686,1,2,,1993
3109,1687,1,2,6,1993
3110,1688,1,2,61,1993
3111,1689,1,1,174,1993
3112,1690,1,2,,1993
3113,1690,1,1,,1993
3114,1691,1,2,,1993
3115,1692,1,2,,1993
3116,1693,1,2,,1993
3117,1694,1,2,,1993
3118,1695,1,2,142,1993
3119,1696,1,2,124,1993
3120,1697,1,2,,1993
3121,1698,1,2,169,1993
3122,1698,1,1,169,1993
3123,1699,1,2,127,1993
3124,1700,1,2,,1993
3125,1700,1,1,,1993
3126,1701,1,1,,1993
3127,1702,1,2,,1993
3128,1703,1,2,147,1993
3129,1703,1,1,147,1993
3130,1446,1,1,,1993
3132,1705,1,2,,1993
3133,1706,1,2,,1993
3134,1707,1,2,,1993
3135,1708,1,2,,1993
3136,1709,1,2,,1993
3137,1710,1,2,,1993
3138,1711,1,2,,1993
3139,1712,1,1,,1993
3140,1713,1,2,,1993
3141,1714,1,2,43,1993
3142,1715,1,2,,1993
3143,1715,1,1,,1993
3144,1716,1,1,162,1993
3145,1717,1,2,,1993
3146,1718,1,2,158,1993
3147,1719,1,2,,1993
3148,1719,1,1,,1993
3149,1720,1,2,,1993
3150,1721,1,2,,1993
3151,1722,1,1,,1993
3152,1723,1,2,,1993
3153,1724,1,1,,1993
3154,1725,1,2,38,1993
3155,1726,35,5,,1991
3156,1727,35,5,,1991
3157,1728,35,5,,1991
3158,1729,34,5,,1991
3159,1730,35,5,,1991
3160,1731,35,5,,1991
3161,1732,35,5,,1991
3162,1332,33,5,,1991
3163,1733,34,5,,1991
3164,1734,34,5,,1991
3165,1735,35,5,,1991
3166,1736,1,2,103,1987
3167,1736,1,1,103,1987
3168,1736,2,2,103,1987
3169,1737,1,2,,1987
3170,1737,1,1,,1987
3171,1738,1,2,84,1987
3172,1738,1,1,84,1987
3173,1739,1,2,42,1987
3174,1739,5,2,42,1987
3175,1739,2,2,42,1987
3176,1739,9,2,42,1987
3182,1741,1,2,,1987
3178,1740,1,1,,1987
3179,1740,1,2,,1987
3180,1741,2,2,175,1987
3183,1742,1,2,176,1987
3184,1742,1,1,176,1987
3185,1743,1,2,52,1987
3186,1744,1,2,,1987
3187,1744,1,1,,1987
3188,1744,5,2,,1987
3189,1744,2,2,,1987
3190,135,1,2,,1987
3191,1745,1,2,,1987
3192,1745,1,1,,1987
3193,1746,1,2,,1987
3194,1746,1,1,,1987
3195,1746,2,2,38,1987
3196,1747,1,2,,1987
3197,1747,1,1,,1987
3198,1747,2,2,103,1987
3199,1748,1,2,,1987
3200,1748,1,1,,1987
3201,1748,16,4,,1987
3202,1748,27,2,,1987
3203,1748,29,4,,1987
3204,1748,17,1,,1987
3205,1748,15,4,,1987
3206,1749,1,2,,1987
3207,1749,1,1,,1987
3208,1750,1,2,,1987
3209,1750,1,1,,1987
3210,1750,2,2,,1987
3211,1751,1,2,,1987
3212,1751,1,1,,1987
3213,1751,2,2,177,1987
3214,1751,3,2,,1987
3215,1752,1,2,,1987
3216,1753,1,2,,1987
3217,1754,1,2,,1987
3218,1754,1,1,,1987
3219,1754,2,2,,1987
3220,1754,5,2,,1987
3221,1754,27,2,,1987
3222,1754,16,4,,1987
3223,1754,17,1,,1987
3224,1754,15,4,,1987
3225,1755,1,2,,1987
3226,1755,1,1,,1987
3227,1755,2,2,,1987
3228,1755,5,2,,1987
3229,1755,9,2,,1987
3230,1755,21,4,,1987
3231,1755,27,2,,1987
3232,1756,15,4,,1987
3233,1757,1,1,22,1987
3234,1758,1,2,,1987
3235,1759,1,1,,1987
3238,1760,2,2,179,1986
3239,1761,1,2,180,1986
3240,1761,9,2,180,1986
3241,1761,2,2,180,1986
3242,1762,1,2,0,1986
3243,1762,2,2,0,1986
3244,1762,9,2,0,1986
3246,1763,1,2,0,1986
3247,1763,9,2,0,1986
3248,1764,1,2,181,1986
3249,1765,1,2,85,1986
3250,1765,11,2,85,1986
3251,1765,27,2,85,1986
3252,1766,1,2,181,1986
3253,1767,1,2,181,1986
3254,1767,11,2,181,1986
3255,1767,27,2,181,1986
3256,1768,2,2,0,1986
3257,1769,1,2,181,1986
3258,1770,1,2,8,1986
3259,1770,1,1,8,1986
3260,1771,1,2,181,1986
3261,1771,27,2,181,1986
3262,1771,11,2,181,1986
3263,1771,9,2,181,1986
3264,1772,1,2,0,1987
3265,1772,1,1,0,1987
3266,1772,5,2,0,1987
3267,1772,9,2,0,1987
3268,1772,2,2,182,1987
3269,1773,1,2,0,1986
3270,1773,9,2,0,1986
3271,1773,2,2,0,1986
3272,1774,2,2,183,1986
3273,1782,1,2,0,1986
3274,1783,1,2,0,1986
3276,1782,2,2,0,1986
3277,1784,2,2,0,1986
3278,1785,2,2,0,1986
3279,1782,9,2,0,1986
3280,1786,1,2,0,1987
3281,1786,1,1,0,1987
3282,1786,9,2,0,1987
3283,1786,2,2,0,1987
3284,1786,2,1,0,1987
3285,1787,1,2,153,1987
3287,1788,1,1,184,1987
3288,1788,9,2,184,1987
3289,1788,2,2,184,1987
3290,1790,2,2,32,1987
3291,1789,1,2,0,1987
3292,1789,1,1,0,1987
3293,1789,2,2,0,1987
3294,1791,1,2,0,1987
3295,1792,1,2,0,1987
3296,1793,1,2,0,1987
3297,1794,1,2,0,1987
3298,1794,5,2,0,1987
3299,1794,15,4,0,1987
3300,1795,1,2,7,1987
3301,1795,1,1,7,1987
3302,1796,1,2,42,1987
3303,1796,1,1,42,1987
3304,1796,5,2,42,1987
3305,1796,9,2,42,1987
3306,1796,2,2,42,1987
3307,1797,1,2,0,1987
3308,1797,1,1,0,1987
3309,1797,9,2,0,1987
3310,1797,2,2,0,1987
3311,1797,16,4,0,1987
3312,1798,1,2,0,1987
3313,1798,1,1,0,1987
3314,1798,9,2,0,1987
3315,1798,9,1,0,1987
3316,1798,2,2,0,1987
3317,1798,2,4,0,1987
3318,1799,2,2,32,1987
3319,1800,1,2,7,1987
3320,1800,1,1,7,1987
3321,1800,2,2,7,1987
3322,1802,15,4,0,1987
3323,1802,16,4,0,1987
3324,330,16,4,0,1987
3325,1803,1,2,62,1986
3326,1804,1,2,185,1989
3327,1804,15,4,185,1988
3328,1804,17,4,185,1988
3329,1804,16,4,185,1988
3330,1805,1,2,0,1988
3331,1805,9,2,0,1988
3332,1805,2,2,0,1988
3333,1805,16,4,0,1988
3334,1806,1,2,46,1987
3335,1807,1,2,16,1987
3336,1807,9,2,16,1987
3337,1807,2,2,16,1987
3338,1807,5,2,16,1987
3339,1808,16,4,0,1987
3340,1809,15,4,186,1987
3342,963,15,4,186,1987
3343,963,17,1,186,1987
3344,1811,15,4,186,1988
3345,1811,17,1,186,1988
3346,1812,15,4,186,1988
3347,1813,1,1,19,1988
3348,1814,1,2,129,1988
3349,1814,1,1,129,1988
3350,1814,5,2,129,1988
3351,1814,9,2,129,1988
3352,1814,2,2,129,1988
3353,1814,15,4,129,1988
3354,1814,16,4,129,1988
3355,1813,15,4,19,1988
3356,1813,16,4,19,1988
3357,1813,17,1,19,1988
3358,1815,1,2,16,1988
3359,1815,2,2,16,1988
3360,1815,15,4,16,1988
3361,1815,17,4,16,1988
3362,1815,16,4,16,1988
3363,1816,1,2,0,1988
3364,1816,15,4,0,1988
3365,1816,17,4,0,1988
3366,1816,16,4,0,1988
3367,1817,1,2,0,1988
3368,1817,1,1,0,1988
3369,1817,15,4,0,1988
3370,1817,17,4,0,1988
3371,1817,16,4,0,1988
3372,1818,1,2,0,1988
3373,1818,1,1,0,1988
3374,1818,2,2,0,1988
3375,1818,9,2,0,1988
3376,1818,9,4,0,1988
3377,1818,15,4,0,1988
3378,1818,16,4,0,1988
3379,1818,17,4,0,1988
3380,1819,16,4,0,1988
3381,1822,16,4,,1988
3382,1820,1,2,,1988
3383,1821,1,2,,1988
3384,1823,1,2,,1988
3385,1824,1,2,,1988
3386,1824,1,1,,1988
3387,1825,15,4,187,1988
3388,1825,16,4,187,1988
3389,1825,17,4,187,1988
3390,1826,1,2,188,1988
3391,1826,15,4,188,1988
3392,1826,16,4,188,1988
3393,1827,1,2,45,1988
3394,1827,1,1,45,1988
3395,1827,9,2,45,1988
3396,1827,2,2,45,1988
3397,1827,15,4,45,1988
3398,1827,16,4,45,1988
3399,1828,23,5,137,1988
3400,1829,23,5,137,1988
3401,1830,23,5,137,1988
3402,1831,23,5,137,1988
3403,1832,23,5,137,1988
3404,1833,23,5,137,1988
3405,1834,23,5,137,1988
3406,1835,23,5,137,1988
3407,236,23,5,137,1988
3408,1836,1,1,2,1989
3409,1836,15,4,2,1989
3410,1836,16,1,2,1989
3411,1837,1,2,,1989
3412,1837,9,2,,1989
3413,1837,15,4,,1989
3414,1837,17,4,,1989
3415,1837,16,4,,1989
3416,1838,15,4,2,1989
3417,1838,17,4,2,1989
3418,1838,16,4,2,1989
3419,1839,15,4,189,1989
3420,1839,16,4,189,1989
3421,1840,15,4,142,1989
3422,1840,16,4,142,1989
3423,1841,1,2,,1986
3424,1842,1,2,184,1989
3425,1843,1,2,,1989
3426,1844,16,4,,1988
3427,1844,15,4,,1988
3428,1845,23,5,137,1989
3429,1846,23,5,137,1989
3430,1847,23,5,137,1989
3431,1848,1,2,,1989
3432,1849,15,4,,1989
3433,1850,1,2,,1989
3434,1851,1,2,,1989
3435,940,9,2,,1989
3436,940,2,2,,1989
3437,970,2,2,,1989
3438,968,9,2,,1989
3439,968,2,2,,1989
3440,1850,9,2,,1989
3441,1850,2,2,,1989
3442,1851,9,2,,1989
3443,1851,2,2,,1989
3444,1852,1,2,,1989
3445,1852,1,1,,1989
3446,1852,9,2,,1989
3447,1852,2,2,,1989
3448,1853,15,4,2,1989
3449,1853,17,4,2,1989
3450,1853,16,4,2,1989
3451,1854,15,4,19,1989
3452,1854,17,4,19,1989
3453,1854,16,4,19,1989
3454,1855,17,4,19,1989
3455,1855,15,4,19,1989
3456,1856,9,2,,1990
3457,1856,15,4,,1990
3458,1856,17,4,,1990
3459,1856,16,4,,1990
3460,1857,15,4,,1990
3461,1856,9,2,,1990
3462,1856,17,4,,1990
3463,1856,16,4,,1990
3464,1042,1,2,,1989
3466,1859,1,2,191,1989
3467,1860,1,2,,1989
3468,1859,2,2,192,1989
3469,1862,1,2,,1989
3470,1864,23,5,137,1989
3471,1863,23,5,137,1989
3472,1865,15,4,,1989
3473,1866,1,2,,1989
3474,1866,1,1,,1989
3475,1866,15,4,,1989
3476,1866,5,2,,1989
3477,1867,15,4,193,1989
3478,1867,16,4,193,1989
3479,1868,15,4,,1989
3480,1868,16,4,,1989
3481,1869,15,4,,1989
3482,1869,16,4,,1989
3483,1870,15,4,194,1989
3484,1871,1,2,155,1989
3485,1871,1,1,155,1989
3486,1871,15,4,155,1989
3487,1871,16,4,155,1989
3488,1871,17,4,155,1989
3489,1872,1,2,,1989
3490,1872,1,1,,1989
3491,1872,9,2,,1989
3492,1872,15,4,,1989
3493,1872,2,2,,1989
3494,1872,16,4,,1989
3495,1873,1,2,112,1989
3496,1873,1,1,112,1989
3497,1873,15,4,112,1989
3498,1873,9,2,112,1989
3499,1873,2,2,112,1989
3500,1873,16,4,112,1989
3501,1874,1,2,196,1989
3502,1874,1,1,196,1989
3503,1874,15,4,196,1989
3504,1874,16,4,196,1989
3505,1875,16,4,,1990
3506,1875,15,4,,1990
3507,1875,1,2,,1990
3508,1876,1,2,,1990
3509,1876,1,1,,1990
3510,1876,15,4,,1990
3511,1877,1,2,182,1990
3512,1877,15,4,182,1990
3513,1877,16,4,182,1990
3514,1878,23,5,137,1990
3515,1879,23,5,137,1990
3516,1880,15,4,,1989
3517,1881,1,2,,1988
3518,1882,1,2,43,1990
3519,1882,9,2,43,1990
3520,1882,2,2,43,1990
3521,1883,1,2,184,1990
3522,1883,9,2,184,1990
3523,1883,2,2,184,1990
3524,1884,1,2,67,1990
3525,1884,9,2,67,1990
3526,1884,2,2,67,1990
3527,1885,1,2,,1990
3528,1885,9,2,,1990
3529,1885,2,2,,1990
3530,1886,1,2,,1990
3531,1886,1,1,,1990
3532,1886,15,4,,1990
3533,1886,17,4,,1990
3534,1886,16,4,,1990
3535,1887,9,2,,1990
3536,1887,1,2,,1990
3537,1888,1,2,,1990
3538,1888,9,2,,1990
3539,1888,3,2,,1990
3540,1889,9,2,,1990
3541,1889,1,2,,1990
3542,1890,1,2,184,1989
3543,1890,1,1,184,1989
3544,1890,9,2,184,1989
3545,1890,9,1,184,1989
3546,1890,2,2,184,1989
3547,1890,15,4,184,1989
3548,1890,16,4,184,1989
3549,1891,15,4,,1990
3550,1891,1,2,,1990
3551,1891,1,1,,1990
3552,1891,9,2,,1990
3553,1891,9,1,,1990
3554,1891,2,2,,1990
3555,1891,2,4,,1990
3556,1891,16,4,,1990
3557,1893,15,4,197,1989
3558,1893,16,4,197,1989
3559,1892,15,4,198,1989
3560,1892,16,4,198,1989
3561,1893,17,4,197,1989
3562,1894,15,4,,1990
3563,1894,16,4,,1990
3564,1895,1,2,,1990
3565,1895,1,1,,1990
3566,1895,15,4,,1990
3567,1895,17,4,,1990
3568,1896,1,2,61,1990
3569,1896,1,1,61,1990
3570,1896,9,2,61,1990
3571,1896,2,2,61,1990
3572,1896,17,4,61,1990
3573,1896,15,4,61,1990
3574,1896,16,4,61,1990
3575,1897,1,2,184,1990
3576,1897,3,2,184,1990
3577,1897,9,2,184,1990
3578,1897,2,2,184,1990
3579,1898,1,2,184,1990
3580,1898,3,2,184,1990
3581,1898,9,2,184,1990
3582,1898,2,2,184,1990
3583,1899,1,2,,1990
3584,1899,3,2,,1990
3585,1899,9,2,,1990
3586,1899,2,2,,1990
3587,1900,15,4,199,1990
3588,1900,16,4,199,1990
3589,1901,1,2,,1990
3590,1901,1,1,,1990
3591,1901,15,4,,1990
3592,1901,16,4,,1990
3593,1902,1,2,71,1990
3594,1902,15,4,71,1990
3595,1902,16,4,71,1990
3596,1903,1,2,71,1990
3597,1902,1,1,71,1990
3598,1903,1,1,71,1990
3599,1903,15,4,71,1990
3600,1902,16,4,71,1990
3601,1904,15,4,2,1990
3602,1904,30,4,2,1990
3603,1904,16,4,2,1990
3604,1904,17,4,2,1990
3605,1905,15,4,,1990
3606,1906,15,4,,1989
3607,1906,17,4,,1989
3608,1906,16,4,,1989
3609,1907,1,2,42,1990
3610,1907,1,1,42,1990
3611,1907,15,4,42,1990
3612,1907,5,2,42,1990
3613,1908,1,2,,1990
3614,1908,1,1,,1990
3615,1908,15,4,,1990
3616,1908,16,4,,1990
3617,1908,9,2,,1990
3618,1908,2,2,,1990
3619,1908,17,4,,1990
3620,1909,1,2,,1990
3621,1909,9,2,,1990
3622,1909,2,2,,1990
3623,1910,1,2,,1990
3624,1910,9,2,,1990
3625,1910,2,2,,1990
3626,1913,1,2,,1990
3627,1913,9,2,,1990
3628,1913,2,2,,1990
3629,1911,1,2,,1990
3630,1911,9,2,,1990
3631,1911,2,2,,1990
3632,1912,1,2,,1990
3633,1912,9,2,,1990
3634,1912,2,2,,1990
3635,1914,15,4,157,1990
3636,1914,17,4,157,1990
3637,1914,16,4,157,1990
3638,1915,1,2,196,1990
3639,1915,1,1,196,1990
3640,1915,15,4,196,1990
3641,1915,17,4,196,1990
3642,1915,17,1,196,1990
3643,1915,16,4,196,1990
3644,1916,1,2,184,1990
3645,1916,1,1,184,1990
3646,1916,9,2,184,1990
3647,1916,2,2,184,1990
3648,1916,15,4,184,1990
3649,1916,16,4,184,1990
3650,1916,17,4,184,1990
3651,1917,1,2,188,1990
3652,1917,1,1,188,1990
3653,1917,15,4,188,1990
3654,1917,16,4,188,1990
3655,1917,17,4,188,1990
3656,1917,17,1,188,1990
3657,1918,15,4,200,1990
3658,1918,17,4,200,1990
3659,1918,16,4,200,1990
3660,1920,15,4,200,1990
3661,1920,17,4,200,1990
3662,1920,16,4,200,1990
3663,1921,15,4,157,1990
3664,1921,17,4,157,1990
3665,1921,16,4,157,1990
3666,1919,15,4,201,1990
3667,1919,17,4,201,1990
3668,1919,16,4,201,1990
3669,1922,1,2,,1990
3670,1922,1,1,,1990
3671,1922,9,2,,1990
3672,1922,9,4,,1990
3673,1922,2,2,,1990
3674,1922,15,4,,1990
3675,1922,16,4,,1990
3676,1923,1,2,202,1990
3677,1923,1,1,202,1990
3678,1924,15,4,203,1990
3679,1925,1,5,38,1990
3680,1925,33,5,38,1990
3681,1925,15,4,38,1990
3682,1925,2,2,38,1990
3683,1925,16,4,38,1990
3684,1926,15,4,,1990
3685,1926,16,4,,1990
3686,1927,15,4,142,1990
3687,1927,16,4,142,1990
3688,1930,15,4,16,1990
3689,1930,17,4,16,1990
3690,1930,16,4,16,1990
3691,1928,1,2,43,1990
3692,1928,1,1,43,1990
3693,1928,9,4,43,1990
3694,1928,9,2,43,1990
3695,1928,2,2,43,1990
3696,1928,2,4,43,1990
3697,1931,15,4,8,1990
3698,1931,17,4,8,1990
3699,1931,16,4,8,1990
3700,1932,15,4,19,1990
3701,1932,17,4,19,1990
3702,1933,15,4,19,1990
3703,1933,17,4,19,1990
3704,1933,16,4,19,1990
3705,1934,17,4,19,1990
3706,1934,15,4,19,1990
3707,1935,15,4,,1990
3708,1935,16,4,,1990
3709,1935,17,4,,1990
3710,1936,1,2,204,1990
3711,1936,1,1,204,1990
3712,1936,17,4,204,1990
3713,1937,15,4,,1990
3714,1937,16,4,,1990
3715,1551,9,2,205,1988
3716,1551,2,2,205,1988
3717,1942,1,2,206,1988
3718,1942,9,2,206,1988
3719,1942,2,2,206,1988
3720,1938,1,2,16,1988
3721,1938,9,2,16,1988
3722,1938,2,2,16,1988
3723,1939,1,2,38,1989
3724,1939,9,2,38,1989
3725,1939,2,2,38,1989
3726,1940,1,2,202,1987
3727,1940,9,2,202,1987
3728,1940,2,2,38,1987
3729,1941,1,2,16,1988
3730,1941,9,2,16,1988
3731,1941,2,2,16,1988
3732,1943,15,4,207,1990
3733,1944,15,4,208,1990
3734,1944,16,4,208,1990
3735,1945,1,2,,1990
3736,1945,9,2,,1990
3737,1945,2,2,,1990
3738,1946,1,2,45,1990
3739,1946,9,2,45,1990
3740,1946,2,2,45,1990
3741,1947,1,2,,1990
3742,1947,9,2,,1990
3743,1947,2,2,,1990
3744,1948,1,2,,1990
3745,1948,9,2,,1990
4210,1044,1,2,181,1989
3747,1949,1,2,,1990
3748,1949,9,2,,1990
3749,1949,2,2,97,1988
3750,1332,2,2,184,1990
3751,1332,15,4,52,1990
3752,1332,16,4,,1990
3753,1950,15,4,,1990
3754,1950,17,4,,1990
3755,1951,1,2,,1990
3756,1951,1,1,,1990
3757,1951,15,4,,1990
3758,1951,9,2,,1990
3759,1951,9,4,,1990
3760,1951,2,2,,1990
3761,1951,16,4,,1990
3762,1952,15,4,,1990
3763,1952,16,4,,1990
3764,1953,33,5,,1990
3765,1954,33,5,16,1990
3766,1955,15,4,,1990
3767,1955,16,4,,1990
3768,1956,1,2,209,1990
3769,1956,15,4,209,1990
3770,1956,16,4,209,1990
3771,1956,17,4,209,1990
3772,1956,17,1,209,1990
3773,1957,1,2,,1991
3774,1957,15,4,,1991
3775,1957,16,4,,1991
3776,1958,15,4,200,1991
3777,1958,16,4,200,1991
3778,1958,17,4,200,1991
3779,1959,1,2,210,1991
3780,1959,1,1,210,1991
3781,1959,15,4,210,1991
3782,1959,9,2,210,1991
3783,1959,2,2,210,1991
3784,1959,17,4,210,1991
3785,1959,16,4,210,1991
3786,1960,1,5,184,1991
3787,1960,33,5,184,1991
3788,1960,2,2,184,1991
3789,1960,15,4,184,1991
3790,1960,16,4,184,1991
3791,1961,1,2,,1991
3792,1961,1,1,,1991
3793,1961,9,2,,1991
3794,1961,15,4,,1991
3795,1962,1,2,154,1990
3796,1962,9,2,154,1990
3797,1962,2,2,154,1990
3798,1962,15,4,154,1990
3799,1962,16,4,154,1990
3800,1963,1,2,211,1991
3801,1963,9,2,211,1991
3802,1963,2,2,211,1991
3803,1963,16,4,211,1991
3804,1963,15,4,211,1991
3805,1964,1,2,,1991
3806,1964,9,2,,1991
3807,1965,1,2,,1991
3808,1965,9,2,,1991
3809,1966,1,2,45,1991
3810,1967,1,2,52,1991
3811,1968,1,2,45,1991
3812,1969,1,2,,1991
3813,1970,1,2,188,1991
3814,1970,1,1,188,1991
3815,1970,15,4,188,1991
3816,1970,16,4,188,1991
3817,1970,17,4,188,1991
3818,1971,24,5,212,1991
3819,1972,1,2,202,1991
3820,1972,1,1,202,1991
3821,1973,15,4,154,1991
3822,1973,16,4,154,1991
3823,1973,35,5,154,1991
3824,1974,24,5,53,1991
3825,1975,1,2,213,1991
3826,1975,15,4,213,1991
3827,1976,1,2,,1991
3828,1976,15,4,,1991
3829,1977,24,5,,1991
3830,1978,23,5,137,1991
3831,1979,24,5,89,1989
3832,1980,1,2,214,1992
3833,1981,23,5,137,1992
3835,1983,15,4,190,1992
3836,1983,17,4,190,1992
3837,1984,24,5,,1992
3838,1985,1,2,,1992
3839,1985,1,1,,1992
3840,1985,15,4,,1992
3841,1986,23,5,,1992
3842,1987,15,4,215,1992
3843,1987,16,4,215,1992
3844,1987,17,4,215,1992
3845,1987,30,4,215,1992
3846,1988,26,5,137,1992
3847,1989,15,4,215,1992
3848,1989,16,4,215,1992
3849,1989,1,2,215,1992
3850,1991,37,3,,1985
3851,1990,36,3,0,1985
3852,1993,39,3,217,1984
3853,1992,38,3,,1985
3856,1995,26,5,137,1992
3855,1994,28,5,217,1992
3857,1996,26,5,137,1992
3858,1997,26,5,137,1991
3859,1998,24,5,38,1991
3860,1998,35,5,38,1991
3861,1999,23,5,137,1992
3862,2000,23,5,137,1992
3863,2001,23,5,218,1992
3864,2002,23,5,137,1992
3865,2003,26,5,153,1992
3866,2004,23,5,,1992
3867,2005,23,5,184,1991
3868,2006,23,5,184,1991
3869,2007,1,2,84,1984
3870,2008,2,2,12,1985
3871,2009,1,2,219,1985
3872,2009,2,2,219,1985
3873,173,1,2,,1985
3874,436,1,2,220,1984
3875,2011,2,2,,1985
3876,2012,2,2,,1985
3877,14,1,2,101,1985
3878,2013,1,2,,1985
3879,2014,1,2,221,1985
3880,2015,2,2,,1985
3881,2016,1,2,,1985
3882,2017,1,2,83,1984
3883,2018,1,2,65,1985
3884,1016,1,2,,1989
3886,1016,1,1,190,1986
3887,2020,1,2,,1984
3888,2021,1,2,,1985
3889,2023,1,2,9,1986
3890,2022,1,2,65,1986
3891,2024,1,2,,1984
3892,2025,5,2,223,1984
3893,173,2,2,181,1985
3894,65,2,2,190,1986
3895,2026,1,2,60,1985
3896,174,2,2,190,1985
3897,2028,40,3,224,1986
3898,2030,1,2,,1982
3899,2031,1,2,,1982
3900,2029,1,1,4,1982
3901,2032,41,3,225,1986
3902,2033,1,2,,1985
3903,2034,1,2,,1986
3904,2035,1,2,,1986
3905,2036,2,2,,1984
3906,2037,3,2,8,1985
3907,2038,9,2,,1986
3908,2039,5,2,,1984
3909,2020,5,2,,1985
3910,2040,1,2,84,1985
3911,2041,1,1,23,1984
3912,2042,5,2,226,1985
3914,2043,2,2,,1985
3915,2044,2,2,223,1983
3916,2045,1,2,,
3917,2046,1,2,,1984
3918,2047,5,2,7,1985
3919,149,1,2,,1986
3920,2048,1,2,,1986
3921,2049,1,2,,1986
3922,2050,2,2,223,1985
3923,2043,1,2,,1985
3924,68,5,2,,1985
3925,2051,1,2,,1983
3926,2052,1,2,227,1983
3927,2053,1,2,,1982
3928,2054,1,2,,1984
3929,210,1,2,57,1986
3930,28,2,2,182,1986
3931,2055,5,2,7,1984
3932,2056,5,2,7,1986
3933,2057,2,2,18,1984
3934,2058,1,1,65,1985
3935,2059,1,2,,1985
3936,2060,1,2,23,1983
3937,2061,1,2,23,1983
3938,2064,5,2,7,1985
3939,2063,1,2,56,1986
3940,2062,1,2,,1987
3941,2065,1,2,,1986
3942,2066,1,2,,1985
3943,2067,1,2,12,1985
3944,2068,1,1,23,1982
3945,2069,1,1,23,1985
3946,2070,1,2,228,1987
3947,2071,1,2,223,1985
3948,2072,1,2,,1985
3949,2074,5,2,7,1985
3950,2073,5,2,7,1985
3951,2034,1,1,,1986
3952,1771,1,1,181,1986
3953,782,1,1,181,1985
3954,1803,1,1,62,1986
3955,65,1,1,190,1986
3956,1762,1,1,,1987
3957,2075,1,1,181,1985
3958,2076,1,1,15,1984
3959,2077,1,1,230,1985
3960,2078,1,1,15,1983
3961,2079,1,1,15,1985
3962,2080,1,1,183,1984
3963,2081,1,1,231,1983
3964,2082,1,1,181,1984
3965,2083,1,1,232,1985
3983,2090,1,1,235,1984
3975,2094,1,1,23,1983
3976,2084,1,1,,1983
3977,2085,1,1,,1983
3978,223,1,1,29,1987
3979,2086,1,1,184,1984
3981,2088,1,1,234,1984
3982,2089,1,1,234,1984
3980,2087,1,1,233,1985
3984,2091,1,1,235,1985
3985,2092,1,1,,1985
3986,2093,1,1,236,1987
3987,271,1,1,181,1987
3988,2096,1,1,237,1983
3989,2097,1,1,233,1985
3990,2098,1,1,238,1984
3991,2103,1,1,77,1987
3992,2099,1,1,233,1987
3993,2100,1,1,,1984
3994,2101,1,1,233,1986
3995,2102,1,1,,
3996,2020,1,1,181,1984
3997,67,1,1,190,1985
3998,2104,1,1,239,1985
3999,2105,1,1,77,1987
4000,2106,1,1,60,1987
4001,56,1,1,232,1986
4002,2108,1,1,240,1983
4003,2109,1,1,240,1984
4004,2110,1,1,241,1984
4005,2111,1,1,233,1986
4006,2112,1,1,242,1987
4007,525,1,1,77,1986
4012,173,1,1,181,1985
4013,549,1,1,233,1987
4011,535,1,1,40,1987
4014,1739,1,1,42,1987
4015,434,1,1,243,1984
4016,2113,1,1,184,1984
4017,2013,1,1,83,1985
4018,2114,1,1,244,1983
4019,2115,1,1,30,1987
4020,608,1,1,245,1984
4021,2116,1,1,246,1984
4022,2117,1,1,184,1984
4023,241,1,1,233,1987
4024,2118,1,1,,1984
4025,2010,1,1,220,1983
4026,182,1,1,181,1986
4027,1898,1,1,184,1986
4028,201,1,1,243,1984
4029,2120,1,1,57,1987
4030,2121,1,1,,1984
4031,2122,1,1,,1983
4032,2123,1,1,232,1984
4033,2124,1,1,62,1987
4034,2125,1,1,,1987
4035,2008,1,1,12,1985
4036,2126,1,1,244,1984
4037,860,1,1,13,1986
4038,992,1,1,190,1986
4039,2127,1,1,32,1985
4040,2129,1,1,181,1985
4041,2130,1,1,,1983
4042,2131,1,1,223,1984
4043,2033,1,1,247,1985
4044,2132,1,1,153,1984
4045,2133,1,1,,1985
4046,2134,1,1,248,1985
4047,2135,1,1,77,1986
4048,2137,1,1,,1986
4049,2138,1,1,223,1984
4050,2139,1,1,,1984
4051,2140,1,1,,1986
4052,2141,1,1,,1985
4053,2142,1,1,244,1985
4054,2143,1,1,,1985
4055,2144,1,1,237,1984
4056,2145,1,1,60,1987
4057,2146,1,1,,1986
4058,165,1,1,,1986
4059,787,1,1,62,1986
4060,7,1,1,,1986
4061,548,1,1,57,1986
4062,247,1,1,,1986
4063,14,1,1,101,1985
4064,2012,1,1,247,1985
4065,2148,1,1,15,1983
4066,2149,1,1,181,1985
4067,2150,1,1,244,1985
4068,2151,1,1,223,1986
4069,2152,1,1,,1986
4070,2153,1,1,244,1983
4071,2154,1,1,237,1983
4072,2155,1,1,249,1984
4073,2157,1,1,181,1985
4074,2156,1,1,,1987
4075,2158,1,1,237,1984
4076,2159,1,1,250,1982
4077,2160,1,1,251,1984
4078,2042,1,1,184,1983
4079,632,1,1,233,1987
4080,103,1,1,230,1986
4081,118,1,1,60,1986
4082,926,1,1,182,1987
4083,2014,1,1,221,1985
4084,1767,1,1,181,1985
4085,941,1,1,121,1983
4086,81,1,1,67,1986
4087,989,1,1,190,1986
4088,2095,1,1,,1986
4089,2145,1,2,60,1987
4090,2162,1,2,181,1985
4091,2163,1,2,,
4092,542,15,4,89,1987
4093,2165,1,1,23,1985
4094,2142,5,2,244,1986
4095,2166,1,2,243,1984
4096,2167,1,2,243,1984
4097,2168,1,2,243,1983
4098,2169,1,2,243,1984
4099,2170,1,2,243,1984
4100,2171,5,2,42,1985
4101,328,1,2,,1987
4102,2173,1,1,252,1988
4103,354,2,2,253,1987
4104,335,2,2,182,1987
4105,2174,1,2,,1987
4106,2175,1,2,40,1987
4107,2176,1,2,,1986
4108,2177,1,2,,1984
4109,426,1,2,97,1988
4110,42,2,2,205,1986
4111,327,2,2,93,1987
4112,361,2,2,255,1987
4113,2178,2,2,,1987
4114,926,2,2,182,1987
4115,2070,2,2,228,1987
4116,2010,5,2,256,1984
4117,365,5,2,7,1986
4118,2179,5,2,7,1983
4119,2180,1,2,257,1987
4120,533,15,4,11,1987
4121,2181,2,2,258,1986
4122,2182,1,2,,1988
4123,2183,1,2,,1987
4124,268,2,2,90,1986
4125,223,2,2,42,1986
4126,2106,2,2,60,1987
4127,1743,2,2,52,1987
4128,365,2,2,76,1987
4129,2156,2,2,,1986
4130,286,2,2,30,1987
4131,11,2,2,60,1986
4132,497,2,2,236,1988
4133,2145,2,2,60,1987
4134,2184,2,2,185,1987
4135,2185,2,2,233,1986
4136,2186,2,2,64,1987
4137,2187,2,2,259,1986
4138,2188,2,2,,1986
4139,2189,2,2,,1988
4140,2190,2,2,260,1987
4141,2191,5,2,7,1985
4142,2192,5,2,180,1985
4143,2193,5,2,256,1984
4144,2194,5,2,256,1984
4145,193,5,2,7,1985
4146,2195,1,2,,1984
4147,2196,1,1,4,1988
4148,2197,1,2,181,1987
4149,2198,1,2,,1987
4150,293,15,4,261,1987
4151,2199,5,2,7,1986
4152,2200,1,2,62,1987
4153,2201,1,2,,1988
4154,2202,1,2,245,1987
4155,2203,1,2,62,1988
4156,2204,1,2,,1987
4157,1864,2,2,,1987
4194,2219,2,2,266,1985
4159,2205,1,1,23,1983
4160,2206,1,2,,1987
4161,2207,1,2,,
4162,2208,1,2,,1987
4163,131,1,2,95,1985
4164,593,2,2,67,1987
4165,2209,2,2,190,1987
4166,2210,1,2,60,1986
4167,2211,1,2,184,1986
4168,2212,3,2,237,1986
4169,395,2,2,38,1987
4170,734,2,2,262,1988
4171,2213,2,2,233,1988
4206,2225,1,2,242,1984
4205,2224,1,1,19,1988
4204,2223,1,2,184,1986
4175,2214,2,2,264,1988
4202,2220,1,2,182,1987
4201,2221,1,2,60,1988
4200,2222,1,2,,1988
4198,2086,1,2,184,1984
4203,782,1,2,181,1985
4191,390,2,2,190,1988
4193,2014,2,2,,1986
4183,542,2,2,97,1988
4184,2215,2,2,93,1988
4185,404,2,2,233,1987
4186,2216,2,2,233,1988
4195,2071,2,2,223,1984
4188,711,2,2,62,1989
4189,2218,1,2,77,1987
4207,2072,2,2,268,1985
4208,818,2,2,269,1989
4209,671,1,2,202,1988
4211,239,2,2,97,1986
4212,997,2,2,192,1989
4213,2075,24,5,,1986
4214,2228,23,5,137,1986
4215,1044,1,1,181,1989
4216,2229,23,5,137,1986
4217,719,1,1,,1989
4218,2230,24,5,270,1986
4219,1027,1,2,188,1989
4220,1583,2,2,,
4221,994,2,2,,
4222,2231,1,2,271,1989
4223,1205,2,2,149,1990
4224,2232,1,2,62,1990
4225,2233,1,2,60,1989
4226,333,26,5,137,1989
4227,1052,35,5,,
4228,729,23,5,137,1989
4229,2234,25,5,272,1989
4230,2235,26,5,7,
4231,2236,28,5,217,1990
4232,2237,28,5,16,1993
4233,1276,28,5,217,1990
4234,2238,1,2,264,1990
4236,2240,1,2,62,1990
4237,2241,1,2,,1991
4238,1332,1,1,184,1990
4239,2242,23,5,218,1990
4240,2243,28,5,16,1989
4241,2244,1,2,72,1983
4242,2124,1,2,62,1987
4243,2199,1,2,84,1985
4244,2247,1,2,,1990
4245,2246,1,2,,1989
4246,2130,1,2,,1983
4247,2248,1,2,273,1990
4248,2249,1,2,146,1991
4249,1688,9,2,,
4250,2250,1,2,,1990
4251,1351,1,2,8,1989
4252,2185,1,2,233,1987
4253,2215,1,2,146,1988
4254,2251,1,2,264,1991
4255,1564,1,2,,1991
4256,1349,1,2,89,1990
4257,1995,1,2,271,1986
4258,2252,1,2,274,1989
4259,2253,1,2,62,1990
4260,2254,1,2,,1990
4261,2255,1,2,67,1986
4262,2256,1,2,190,1987
4263,2257,1,2,184,1990
4264,2258,1,2,275,1987
4265,2259,1,2,1,1989
4266,2260,1,2,233,1988
4267,1202,9,2,,
4268,1009,2,2,240,1989
4269,2261,2,2,154,1990
4270,1291,2,2,276,1990
4272,566,9,2,,
4273,312,9,2,,
4274,2262,9,2,,1990
4275,2263,9,2,,1988
4276,2264,1,2,,1986
4277,2265,1,2,,
4278,2179,1,2,,
4279,2266,1,2,,1984
4280,2267,1,2,,1983
4281,2268,1,2,,1983
4282,2269,1,2,,1985
4283,2270,1,2,149,1989
4284,2271,1,2,181,1985
4285,2272,1,2,277,1984
4286,2273,1,2,40,1987
4287,2274,1,2,,1988
4288,2156,9,2,,
4289,53,9,2,,
4290,2276,2,2,121,1985
4291,2013,2,2,83,1985
4292,2277,2,2,219,1985
4293,503,2,2,278,1985
4294,2281,2,2,223,1983
4295,2278,2,2,248,1984
4296,2279,2,2,248,1983
4297,2280,2,2,121,1984
4298,499,2,2,219,1985
4299,2282,1,2,279,1993
4300,2283,1,2,,1993
4301,2284,1,2,279,1993
4302,2285,1,2,,1992
4303,1963,1,1,211,1991