"game_version_id","volume_id","page_id","vote"
2,1,12,98
3,1,14,80
4,1,15,24
5,1,16,90
160,4,274,89
7,1,18,33
8,1,19,88
9,1,19,88
10,1,22,94
157,4,272,70
12,1,24,86
13,1,24,86
14,1,25,33
15,1,27,32
16,1,28,94
2112,12,938,84
18,1,29,55
19,1,30,70
20,1,32,
21,1,33,90
22,1,34,92
151,4,270,16
2091,15,1167,68
25,1,36,76
26,1,38,55
27,1,47,
29,1,48,
28,1,48,
44,1,65,58
45,1,66,
56,1,68,88
57,1,68,88
58,2,92,94
59,2,94,60
149,4,268,93
148,4,267,49
147,4,266,85
62,2,95,80
64,2,96,91
65,2,98,35
71,2,100,97
146,4,264,75
145,4,263,49
67,4,259,50
74,2,102,38
144,4,262,44
86,2,103,40
143,4,256,92
141,3,224,
89,2,104,90
140,3,223,75
91,2,106,25
3184,16,1222,80
84,2,108,76
85,2,108,76
139,3,222,62
94,2,111,93
137,3,221,85
95,2,112,38
138,3,222,62
98,2,114,38
108,2,137,90
110,3,173,97
109,3,173,97
3183,16,1222,72
111,3,177,47
113,3,178,92
114,3,180,90
115,3,182,85
116,3,184,83
117,3,188,86
118,3,190,88
119,3,192,48
80,3,186,87
121,3,194,78
121,3,196,93
122,3,196,93
3236,3,199,11
125,3,201,70
126,3,202,96
127,3,204,13
128,3,205,51
129,3,206,35
130,3,207,75
131,3,208,80
132,2,128,
133,2,129,
135,2,138,78
136,2,139,88
161,4,276,94
163,4,278,80
164,4,295,65
165,4,296,30
166,4,297,
167,5,336,95
168,5,338,95
169,5,340,91
170,5,342,91
173,5,344,69
174,5,346,38
175,5,347,84
3182,16,1221,54
180,5,350,85
181,5,351,30
184,5,352,81
185,5,354,44
187,5,356,50
189,5,357,16
190,5,358,96
192,5,360,88
193,5,362,92
194,5,364,95
134,2,130,
195,4,260,96
196,5,377,
197,5,377,
200,5,376,60
203,6,416,98
1326,31,2475,66
207,6,419,75
212,6,420,84
213,6,422,95
215,6,424,73
216,6,426,69
217,6,427,75
218,6,428,93
219,6,431,76
220,6,432,80
222,6,433,65
223,6,434,49
224,6,436,60
228,6,438,88
229,6,440,89
231,6,442,75
233,6,443,70
235,6,444,36
236,6,446,82
238,6,448,92
239,6,451,95
240,7,496,
242,7,499,82
243,7,500,89
245,7,502,75
248,7,504,79
250,7,506,97
252,7,509,29
253,7,510,93
261,7,512,88
265,7,514,93
267,7,517,94
269,7,518,70
270,7,519,81
275,7,520,84
276,7,522,
278,7,522,28
280,7,523,82
282,7,523,32
284,7,524,89
285,7,525,70
286,7,527,96
287,7,529,91
288,7,531,60
290,8,576,93
291,8,578,93
293,8,580,73
294,8,582,89
297,8,584,85
299,8,586,89
301,8,588,91
303,8,590,91
308,8,592,77
313,8,593,53
317,8,594,92
318,8,596,66
320,8,597,39
322,8,598,75
325,8,600,86
328,8,602,71
329,8,604,88
330,8,606,45
336,8,609,93
337,9,656,94
338,9,658,93
339,9,660,60
340,9,661,21
343,9,662,86
348,9,663,57
350,9,664,93
356,9,666,68
359,9,668,45
363,9,669,39
365,9,669,61
367,9,670,90
369,9,672,79
371,9,673,43
373,9,674,70
374,9,676,78
376,9,678,87
380,9,680,80
382,9,682,85
386,9,683,69
388,9,684,45
392,9,686,91
393,9,688,44
394,9,693,91
395,9,694,69
396,10,734,
397,10,736,48
400,10,737,56
401,10,738,91
402,10,740,80
404,10,741,74
408,10,742,90
410,10,744,56
412,10,745,60
414,10,746,56
416,10,747,68
421,10,748,64
426,10,749,11
427,10,749,38
429,10,750,85
430,10,752,50
432,10,753,58
433,10,754,38
434,10,755,37
437,10,756,91
439,10,757,83
440,10,758,75
442,10,759,45
446,10,760,
447,10,761,
448,10,762,69
455,10,763,40
164,10,781,65
457,10,782,77
462,11,814,94
461,11,814,72
3179,16,1220,90
466,11,819,13
468,11,820,30
472,11,821,41
476,11,822,74
478,11,824,60
480,11,826,40
482,11,828,67
483,11,829,52
486,11,830,58
488,11,832,54
491,11,833,80
492,11,834,88
494,11,836,81
496,11,839,58
498,11,840,85
499,11,843,68
500,11,843,33
504,11,845,35
505,11,846,25
512,13,978,89
513,13,979,63
514,13,980,72
515,13,982,90
516,13,983,84
518,13,984,49
519,13,985,32
520,13,986,44
522,13,988,46
526,13,990,38
530,13,991,15
531,13,992,27
532,13,993,27
533,13,994,37
300,13,996,90
534,13,997,33
536,14,1092,55
538,13,1006,
540,14,1054,98
543,14,1056,94
546,14,1057,52
547,14,1058,86
550,14,1059,47
552,14,1060,41
554,14,1061,75
556,14,1062,75
558,14,1063,30
560,14,1064,29
562,14,1065,25
564,14,1065,61
566,14,1066,86
567,14,1067,88
568,14,1068,55
571,14,1069,78
572,14,1070,87
575,14,1071,32
577,14,1073,61
580,14,1073,66
581,14,1074,89
587,14,1075,81
589,14,1076,90
594,14,1087,92
507,14,1088,82
596,14,1089,45
5,14,1089,80
598,14,1091,90
599,19,1456,96
601,19,1458,78
602,19,1459,91
605,19,1460,55
609,19,1460,70
611,19,1461,57
613,19,1462,94
615,19,1464,63
618,19,1464,43
621,19,1466,90
623,19,1468,72
627,19,1469,62
629,19,1470,86
631,19,1471,61
633,19,1472,77
634,19,1472,73
636,19,1473,71
638,19,1474,93
642,19,1475,40
644,19,1486,68
647,19,1487,85
648,19,1491,90
649,19,1491,57
650,20,1535,69
652,20,1536,94
656,20,1538,81
659,20,1539,63
661,20,1540,57
664,20,1541,92
666,20,1542,85
668,20,1543,62
670,20,1544,39
672,20,1544,42
675,20,1545,74
677,20,1546,68
681,20,1547,48
685,20,1548,42
687,20,1548,66
689,20,1549,66
692,20,1550,58
693,20,1550,37
696,20,1552,90
698,20,1555,53
700,20,1556,69
701,20,1558,70
703,20,1559,68
705,20,1560,42
706,20,1560,88
707,20,1561,23
708,20,1561,59
712,20,1570,85
713,20,1571,95
715,20,1573,81
716,20,1574,58
718,20,1575,78
720,21,1615,81
724,21,1616,96
726,21,1620,90
728,21,1623,81
731,21,1624,57
735,21,1625,61
739,21,1626,81
742,21,1627,46
744,21,1628,89
746,21,1631,84
747,21,1632,83
748,21,1633,44
749,21,1640,67
750,21,1640,28
752,21,1650,80
754,21,1652,42
756,21,1652,24
757,21,1653,55
758,21,1656,79
760,21,1657,95
763,21,1658,90
764,21,1660,79
765,21,1660,90
766,21,1661,83
767,21,1661,52
768,21,1662,93
769,21,1663,70
772,22,1696,83
775,22,1698,87
776,22,1700,78
779,22,1701,81
781,22,1702,87
783,22,1704,79
785,22,1705,61
787,22,1706,36
788,22,1706,38
789,22,1707,77
791,22,1709,69
1824,36,2880,70
794,22,1718,39
795,22,1718,28
797,22,1719,96
799,22,1719,85
801,22,1720,85
802,22,1723,92
804,22,1724,85
808,22,1725,61
810,22,1734,90
812,22,1736,67
814,22,1738,96
815,22,1740,67
817,22,1741,85
819,22,1742,79
820,22,1742,82
823,22,1743,79
824,22,1743,81
825,22,1744,81
826,23,1773,60
829,23,1774,89
830,23,1777,68
832,23,1778,62
834,23,1778,57
837,23,1779,62
839,23,1780,89
845,23,1782,93
848,23,1785,81
850,23,1786,79
851,23,1790,91
855,23,1812,40
858,23,1812,56
860,23,1813,15
862,23,1817,23
865,23,1818,76
871,23,1819,76
873,23,1822,92
877,23,1824,24
880,23,1824,13
881,23,1825,33
883,23,1828,88
884,23,1828,49
885,23,1829,40
886,23,1829,87
887,24,1853,44
889,24,1854,86
893,24,1856,96
898,24,1858,77
901,24,1859,20
903,24,1862,81
905,24,1865,68
907,24,1884,51
911,24,1884,8
914,24,1885,60
916,24,1886,59
919,24,1887,13
921,24,1890,90
923,24,1894,84
926,24,1896,70
931,24,1897,46
934,24,1899,48
935,24,1899,74
935,24,1899,74
936,24,1900,90
937,24,1900,92
938,24,1901,80
939,25,1933,51
940,25,1933,60
942,25,1938,83
943,25,1938,81
944,25,1942,92
945,25,1942,
946,25,1942,
948,25,1945,27
949,25,1948,25
950,25,1949,90
951,25,1954,61
953,25,1968,90
958,25,1972,96
961,25,1974,56
965,25,1975,77
966,25,1975,77
967,25,1976,31
972,25,1977,69
976,25,1979,70
977,25,1979,58
978,25,1980,68
979,25,1980,63
99,25,1981,79
177,5,348,93
981,25,1981,83
986,25,1984,70
987,25,1984,70
982,25,1984,76
984,25,1984,79
985,25,1984,77
988,25,1986,61
989,25,1989,86
991,25,1991,95
994,25,1992,60
995,25,1994,86
998,25,1996,75
999,25,1996,78
1000,25,1997,36
1001,13,974,92
1002,13,975,95
1004,13,976,92
1007,14,1082,89
1010,14,1083,89
1014,14,1084,70
107,2,140,95
1019,2,142,79
1026,12,894,97
1030,12,896,87
1034,12,898,98
1039,12,900,82
1042,12,902,62
1044,12,903,59
1046,12,904,23
1050,12,905,60
1051,12,906,47
1054,12,907,39
1055,12,908,86
1058,12,910,77
3173,16,1219,68
1062,12,911,15
1065,12,912,89
1066,12,914,31
1067,12,915,37
1068,12,916,90
1071,12,918,80
1075,12,920,91
1078,12,933,90
1080,12,934,77
1081,15,1134,97
1083,15,1137,69
1084,15,1137,74
1087,15,1138,84
1089,15,1139,34
1092,15,1140,81
1094,15,1142,80
1097,15,1143,70
1099,15,1144,89
1101,15,1145,39
1104,15,1146,55
1106,15,1146,71
1108,15,1147,48
591,15,1148,94
1110,15,1148,56
1111,15,1149,44
1113,15,1150,83
1115,15,1151,67
1118,15,1152,74
1121,15,1154,15
1123,15,1157,33
1126,15,1158,68
1127,15,1170,84
1128,15,1171,90
1129,15,1171,70
1132,15,1172,75
1133,17,1296,92
1135,17,1297,64
1140,17,1298,90
1144,17,1299,86
1148,17,1300,93
1150,17,1301,63
1152,17,1306,92
1153,17,1307,72
1154,17,1307,51
1156,17,1308,
1157,17,1309,80
1160,17,1310,48
1161,17,1311,85
1162,17,1312,85
1164,17,1314,46
1166,17,1328,69
1170,17,1330,76
1174,17,1334,90
1176,17,1337,87
1177,17,1342,92
1178,17,1342,83
1179,17,1342,28
1182,17,1342,48
1183,17,1343,63
1184,17,1343,78
1185,17,1343,89
1187,18,1376,
1189,18,1378,93
1190,18,1380,80
1192,18,1381,74
1196,18,1382,58
1198,18,1383,71
1200,18,1392,90
1201,18,1396,89
1203,18,1396,79
1204,18,1396,92
1205,18,1397,86
1206,18,1397,86
1208,18,1397,70
1208,18,1397,70
1207,18,1397,70
1210,18,1397,
1209,18,1397,
1211,18,1399,92
1213,18,1401,87
1215,18,1408,97
1221,18,1418,94
1223,18,1418,80
1224,18,1419,75
1226,18,1419,31
1227,18,1419,67
1228,18,1420,80
1229,18,1420,45
1231,18,1420,73
1232,18,1422,46
1233,18,1422,57
1235,18,1424,97
1238,18,1426,80
1239,26,2012,94
1241,26,2012,
1243,26,2016,91
1245,26,2018,96
1247,26,2022,85
1249,26,2026,94
1251,26,2029,50
1253,26,2029,43
1254,26,2034,70
1256,26,2034,85
1257,26,2034,89
1258,26,2037,53
1260,26,2038,62
1262,26,2038,
1265,26,2043,53
1267,26,2044,72
1269,26,2044,78
1271,26,2046,68
1273,26,2046,68
1275,26,2050,45
1277,26,2050,54
1278,26,2050,56
1279,26,2051,80
1280,26,2052,60
1282,26,2052,69
1283,26,2053,81
1284,26,2058,75
1286,26,2060,74
1288,26,2060,72
1289,26,2060,78
1290,26,2061,70
1291,26,2062,31
1292,26,2062,56
1293,26,2062,41
1295,26,2063,36
1296,26,2064,55
1298,26,2064,60
1299,26,2064,59
1300,26,2065,89
1301,26,2072,41
1302,26,2072,58
1303,26,2072,41
1304,26,2073,41
1305,26,2073,39
1306,26,2073,55
1307,26,2074,61
1309,26,2074,70
1310,27,2092,79
1314,27,2093,79
572,27,2093,
1315,27,2094,91
1317,27,2096,74
1319,27,2098,76
1321,27,2099,81
1322,27,2100,60
1324,27,2101,57
1328,27,2106,65
1329,27,2106,59
1330,27,2111,64
1332,27,2130,83
1333,27,2132,90
1334,27,2135,56
1335,27,2136,17
1336,27,2136,71
1337,27,2138,61
1338,27,2141,83
1339,27,2144,91
1340,27,2145,42
1341,27,2147,71
1343,27,2151,70
1346,3,216,
1347,3,217,
1348,3,217,
1351,11,818,80
1352,13,996,92
1217,18,1410,90
1355,14,1072,88
1357,28,2172,95
1358,28,2174,91
1362,28,2176,97
1363,28,2178,90
1365,28,2179,75
1368,28,2181,79
1370,28,2183,27
1372,28,2185,66
1374,28,2186,75
1376,28,2187,87
1377,28,2189,76
1379,28,2190,58
1383,28,2190,55
1381,28,2190,47
1384,28,2191,77
1385,28,2209,81
1388,28,2212,89
1390,28,2212,87
1391,28,2212,85
1392,28,2215,98
1393,28,2222,85
1394,28,2226,85
1396,28,2228,86
1399,29,2254,97
1401,29,2256,77
1404,29,2254,90
1403,29,2254,87
1405,29,2258,84
1407,29,2258,89
1409,29,2261,65
1410,29,2262,84
1413,29,2262,63
1412,29,2262,63
1414,29,2264,92
1415,29,2266,56
1417,29,2266,58
1418,29,2267,58
1421,29,2268,77
1422,29,2269,61
1426,29,2270,84
1424,29,2270,87
1427,29,2272,67
1429,29,2273,23
1431,29,2274,76
1432,29,2274,
1433,29,2275,52
1434,29,2275,77
1435,29,2276,80
1438,29,2276,56
1439,29,2278,52
1442,29,2280,80
1444,29,2285,81
1445,29,2285,80
1446,29,2286,80
1447,29,2286,42
1448,29,2287,38
1449,29,2287,
1450,29,2288,90
1451,29,2291,64
1452,29,2293,79
1453,29,2294,77
1454,29,2279,80
1455,29,2296,81
1456,29,2303,73
1457,30,2348,45
1463,30,2349,58
1464,30,2350,95
1466,30,2352,59
1467,30,2353,68
1468,30,2354,33
1470,30,2354,58
1471,30,2354,59
1472,30,2356,80
1473,30,2358,90
1475,30,2358,91
1476,30,2358,91
1477,30,2360,81
1480,30,2362,96
1483,30,2362,87
1484,30,2366,97
1485,30,2368,48
1489,30,2370,59
1491,30,2372,92
1492,30,2374,96
1496,30,2376,29
1498,30,2377,58
1500,30,2378,57
1502,30,2378,69
1504,30,2379,33
1506,30,2381,74
1509,30,2382,78
1508,30,2382,
1510,30,2384,81
1512,30,2386,75
1514,30,2386,61
1516,30,2388,88
1517,30,2389,73
1519,30,2411,66
1231,30,2411,34
1520,30,2412,80
1523,30,2413,67
1522,30,2412,83
1521,30,2412,70
1524,30,2414,45
1525,30,2414,78
2085,15,1162,92
1526,15,1162,75
1527,15,1162,127
1528,15,1162,83
1529,15,1162,51
1530,15,1162,40
1531,15,1162,89
1532,2,107,69
1532,15,1162,69
1533,15,1162,26
1534,15,1162,20
1535,15,1162,41
1536,15,1163,23
318,15,1163,39
2086,15,1163,95
1537,15,1163,38
1538,15,1163,37
1539,15,1163,83
1540,15,1163,36
1541,15,1163,54
222,15,1163,65
1542,15,1163,39
1543,15,1163,69
1544,15,1163,65
1545,15,1163,84
1546,15,1164,90
190,15,1164,96
1548,15,1164,75
1737,15,1162,69
1549,15,1164,29
1550,15,1164,78
1551,15,1164,49
2089,15,1164,32
1552,15,1164,71
1553,15,1164,40
1554,15,1165,76
1555,15,1165,55
1556,15,1165,69
1557,15,1165,48
1558,15,1165,56
1559,15,1165,53
1560,15,1165,33
3171,16,1218,77
1561,15,1165,78
1562,15,1165,14
1563,15,1165,74
1564,15,1165,71
1565,15,1165,69
1566,15,1165,69
1567,15,1165,57
1568,15,1165,26
1569,15,1165,48
1570,15,1165,75
1571,15,1165,78
1572,15,1165,68
1573,15,1165,76
1574,15,1165,48
1575,15,1165,56
25,15,1166,76
1577,15,1166,20
1578,15,1166,41
1579,15,1166,23
1580,15,1166,20
1581,15,1166,62
1582,15,1166,80
1583,15,1166,23
1584,15,1166,88
1585,15,1166,78
1586,15,1166,70
1587,15,1167,92
1588,15,1167,64
1589,15,1167,60
1590,15,1167,85
2090,15,1167,35
1592,15,1167,43
1593,15,1167,54
1594,15,1167,81
1595,15,1167,37
1596,15,1167,8
1597,15,1167,81
1598,15,1167,78
1599,31,2446,91
1601,31,2448,70
1602,31,2450,77
1604,31,2452,69
1606,31,2454,52
1608,31,2455,48
1610,31,2456,89
1612,31,2458,68
1615,31,2460,64
1616,31,2462,48
1617,31,2462,
1619,31,2462,
1620,31,2464,74
1622,31,2466,87
1623,31,2468,51
1625,31,2470,71
1627,31,2471,59
1629,31,2472,58
1631,31,2474,69
1632,31,2481,52
1633,31,2506,93
1634,31,2508,91
1635,31,2518,52
1636,31,2519,20
1637,32,2542,76
1639,32,2544,95
1640,32,2546,60
1643,32,2546,56
1642,32,2546,45
1644,32,2548,90
1646,32,2550,87
1648,32,2551,54
1650,32,2552,49
1652,32,2553,66
1654,32,2554,32
1655,32,2555,61
1656,32,2556,38
1613,32,2558,73
1658,32,2559,40
1660,32,2565,42
1661,32,2567,42
1663,32,2568,50
1664,32,2570,59
1665,32,2573,72
1666,32,2594,
1667,32,2594,
1668,32,2596,72
1669,32,2596,40
1670,32,2597,80
1671,32,2597,58
1672,32,2601,31
500,32,2601,36
1673,32,2601,36
1674,32,2602,55
1675,32,2602,67
146,32,2604,90
1676,32,2604,90
1677,32,2604,50
1678,32,2604,86
1679,32,2605,90
1680,32,2606,42
1681,32,2610,87
1682,32,2613,35
1683,32,2613,89
1684,32,2614,73
1685,32,2614,37
1686,32,2614,42
1687,32,2616,69
1688,32,2616,39
1689,32,2617,72
1690,32,2618,89
1691,32,2618,82
1692,32,2618,43
1693,32,2619,21
1694,32,2619,63
1695,32,2620,91
1696,33,2636,98
1697,33,2640,83
1699,33,2644,48
1701,33,2646,57
1703,33,2647,52
1705,33,2649,16
1707,33,2650,52
1709,33,2652,80
1710,33,2656,48
1713,33,2656,67
1712,33,2656,61
1714,33,2658,49
1716,33,2662,81
1717,33,2663,91
1720,33,2667,69
1724,33,2669,57
1726,33,2670,74
1728,33,2672,89
1730,33,2675,59
1731,33,2675,89
1732,33,2676,51
1733,33,2676,46
325,33,2677,68
1734,33,2677,68
1735,33,2678,27
222,15,1163,65
1736,15,1164,82
1738,15,1163,65
1739,34,2716,90
1742,34,2716,84
1743,34,2719,60
1745,34,2720,53
1747,34,2722,83
1749,34,2722,55
1750,34,2722,63
1751,34,2724,42
1755,34,2726,31
1757,34,2726,63
1758,34,2726,70
1759,34,2727,89
1760,34,2728,91
1762,34,2730,80
1764,34,2730,88
1766,34,2732,44
1768,34,2734,75
1771,34,2734,86
1772,34,2738,27
1774,34,2740,62
1775,34,2744,70
1777,34,2770,82
1778,34,2770,49
1779,34,2771,10
1780,34,2771,32
1781,34,2771,45
1782,34,2772,97
1783,34,2774,62
1784,34,2774,61
1785,34,2775,45
1786,35,2796,90
1788,35,2798,93
1791,35,2800,70
1790,22,1716,84
1794,35,2801,50
1796,35,2802,71
1798,35,2803,80
1799,35,2804,58
1801,35,2806,61
1803,35,2808,67
1805,35,2811,67
1806,35,2811,70
1807,35,2812,69
1808,35,2812,95
1809,35,2813,59
1810,35,2823,93
1811,35,2823,50
1812,35,2824,61
1813,35,2824,65
1814,35,2825,79
1815,35,2825,91
1816,35,2826,72
1817,35,2826,50
1818,36,2877,92
1820,36,2878,80
1822,36,2878,84
1823,36,2878,86
1827,36,2880,67
1826,36,2880,70
1828,36,2882,51
1830,36,2884,34
1832,36,2884,63
1833,36,2884,69
1834,36,2886,52
1835,36,2888,91
1836,36,2890,77
1837,36,2891,59
1839,36,2892,55
1840,36,2893,48
1842,36,2894,62
1844,36,2894,67
1845,36,2895,75
1846,36,2896,89
1848,36,2897,75
1849,36,2898,70
1851,36,2900,68
1852,36,2903,56
1854,36,2904,59
1856,36,2905,69
1858,36,2906,75
1860,36,2907,60
1861,36,2908,94
1862,36,2909,80
1863,36,2910,78
1864,36,2924,25
1865,36,2924,69
1866,36,2925,55
1867,36,2925,65
1868,36,2925,35
1869,36,2926,60
1870,36,2926,73
1871,36,2928,81
1872,36,2928,83
1873,36,2929,40
1874,36,2929,
1875,36,2934,77
1876,36,2934,66
613,36,2934,98
1877,36,2934,98
1878,36,2935,91
1879,36,2937,42
1880,37,2962,95
1882,37,2964,91
1884,37,2967,90
1476,37,2967,90
1888,37,2967,90
1886,37,2967,90
1890,37,2968,89
1893,37,2968,84
1892,37,2968,87
1895,37,2970,87
1897,37,2972,68
1899,37,2974,54
1902,37,2974,61
1901,37,2974,89
1904,37,2976,53
1906,37,2978,76
1908,37,2978,71
1910,37,2979,40
1912,37,2980,30
1914,37,2982,78
1916,37,2984,23
1918,37,2984,82
1920,37,2986,63
1923,37,2990,91
1922,37,2990,88
1925,37,2991,61
1927,37,2991,70
1495,37,2992,
1494,37,2992,74
1930,37,2992,89
1931,37,2992,85
1933,37,2994,52
1932,37,2994,52
1935,37,2999,87
1936,37,2999,81
1937,37,2999,57
1938,37,3000,70
1939,37,3000,53
1940,37,3001,69
1941,37,3001,64
1942,37,3016,80
1944,37,3018,67
1945,38,3037,93
1947,38,3040,90
1949,38,3042,90
1951,38,3044,80
1953,38,3046,70
1955,38,3048,62
1957,38,3050,84
1959,38,3052,70
1961,38,3054,86
1963,38,3055,80
1965,38,3056,40
1967,38,3058,70
1971,38,3058,68
1969,38,3058,58
1973,38,3060,86
1975,38,3061,68
1977,38,3061,68
1979,38,3063,70
1978,38,3063,60
1980,38,3066,68
1981,38,3067,59
1982,38,3068,68
1983,38,3069,60
1984,38,3076,82
1985,38,3076,62
1986,38,3077,80
1987,38,3077,96
1988,38,3078,69
3884,38,3078,97
330,38,3079,55
1990,38,3079,55
1991,38,3079,40
3169,16,1216,90
3166,16,1214,97
1994,38,3080,63
1995,39,3113,96
1997,39,3116,97
1999,39,3120,95
2001,39,3124,72
2003,39,3124,85
2004,39,3126,60
2006,39,3128,82
2008,39,3130,72
2009,39,3132,82
2010,39,3134,31
2012,39,3135,74
2014,39,3136,79
2015,39,3137,45
2017,39,3138,64
2018,39,3141,64
2020,39,3142,69
2019,39,3142,72
2021,39,3143,68
2022,39,3154,84
2023,39,3155,80
2024,39,3156,92
2026,39,3157,68
2028,39,3158,80
2030,39,3159,69
2032,39,3177,82
2033,39,3177,74
2035,39,3178,64
2034,39,3178,96
2036,39,3179,73
3464,39,3179,98
2038,39,3180,76
2039,39,3181,58
2040,39,3181,69
2041,40,3200,97
2043,40,3204,81
2045,40,3206,90
2047,40,3208,89
2049,40,3210,94
2051,40,3212,91
2053,40,3210,92
2054,40,3214,91
2055,40,3216,60
2057,40,3216,62
2058,40,3218,73
2060,40,3220,91
2061,40,3222,42
2063,40,3222,55
2064,40,3224,86
2066,40,3226,74
2068,40,3228,76
2070,40,3234,43
2072,40,3235,59
2073,40,3235,57
2075,40,3239,89
2074,40,3239,90
2076,40,3240,50
2077,40,3242,79
2078,40,3242,93
2079,40,3243,71
1286,40,3246,61
1286,40,3246,61
2080,40,3246,61
2081,41,3284,96
2083,41,3288,94
1547,15,1164,96
2087,15,1163,39
2093,12,936,74
2092,4,271,65
2095,12,936,77
2096,12,936,62
2099,12,936,60
2100,12,937,94
2101,12,937,63
2102,12,937,67
2104,12,937,80
2106,12,937,42
2108,12,937,75
2110,12,937,70
2111,12,938,83
2116,12,938,82
2117,12,938,
2119,12,938,
2094,12,936,
2098,12,936,
2120,12,938,57
2121,12,938,67
2122,12,938,49
301,12,939,91
2127,12,939,91
2128,12,939,21
2129,12,939,41
2130,19,1494,94
2133,19,1494,82
2134,19,1494,62
2137,19,1495,67
2140,19,1495,75
2144,19,1496,91
2149,19,1496,93
2153,19,1497,90
2157,19,1497,38
2158,19,1497,85
2159,19,1497,85
2161,19,1497,79
2168,12,938,87
2169,24,1903,59
2173,24,1903,86
2174,24,1904,53
2178,24,1904,92
2181,24,1904,82
2183,24,1905,84
2184,24,1905,83
2188,24,1906,43
2191,24,1906,60
2193,29,2281,55
2194,29,2282,88
2195,29,2283,96
2196,30,2405,46
2197,30,2406,72
2198,30,2407,60
2199,30,2408,80
2200,30,2409,85
2201,31,2476,67
2202,31,2477,87
2203,32,2576,93
2205,21,1657,49
2206,21,1657,34
2207,22,1748,79
2208,22,1748,55
2209,22,1749,49
2210,22,1749,41
2211,25,1970,49
2212,25,1970,72
2213,25,1970,76
2214,25,1970,66
2215,25,1971,90
2216,25,1971,8
2217,25,1971,48
2218,25,1971,95
2219,26,2031,87
2220,26,2031,78
2221,26,2031,56
2222,26,2031,37
2223,26,2032,63
2224,26,2032,64
2225,26,2032,50
2226,27,2109,61
2227,27,2109,66
2228,27,2109,33
2229,28,2216,86
2230,28,2216,84
2231,33,2701,81
2232,33,2701,80
2233,12,939,41
2234,41,3292,96
2235,41,3294,92
2237,41,3294,51
2238,41,3295,97
2239,41,3296,88
2240,41,3296,85
2241,41,3297,89
2242,41,3298,79
2244,41,3299,72
2245,41,3300,72
2247,41,3304,60
2249,41,3305,57
2250,41,3306,77
2251,41,3307,57
2253,41,3308,30
2255,41,3309,42
2256,41,3312,61
2258,41,3314,80
2260,41,3316,55
2262,41,3320,72
2264,41,3321,85
2266,41,3321,85
2267,41,3321,85
2270,42,3364,93
2272,42,3368,88
2274,42,3370,69
2276,42,3372,90
2277,42,3374,62
2279,42,3375,69
2281,42,3376,88
2283,42,3378,70
2285,42,3380,66
2288,42,3382,45
2289,42,3382,69
2290,42,3382,45
2291,42,3383,92
2292,42,3384,92
2293,42,3400,68
2295,42,3400,68
2296,42,3401,49
2298,42,3401,49
2299,42,3405,77
2301,42,3409,72
2303,42,3413,70
2304,42,3414,79
2305,42,3414,89
2306,42,3415,45
2307,42,3411,92
2308,43,3444,90
2310,43,3448,75
2311,43,3450,62
2313,43,3456,59
2315,43,3457,75
2316,43,3458,77
2317,43,3460,83
2318,43,3464,86
2320,43,3466,41
2322,43,3468,71
2323,43,3470,74
2325,43,3474,82
2326,43,3488,55
2327,43,3489,69
2328,43,3490,91
2330,43,3493,54
2331,44,3524,98
2333,44,3526,69
2335,44,3528,82
2337,44,3530,94
2339,44,3532,73
2341,44,3534,60
2342,44,3535,19
2343,44,3536,70
2343,44,3537,70
2345,44,3538,75
2346,44,3540,63
2348,44,3542,95
2350,44,3546,91
2351,44,3547,43
2353,44,3548,49
2352,44,3548,44
2354,44,3549,55
2355,44,3550,65
2356,44,3551,90
2357,44,3554,69
2359,44,3568,67
2360,44,3572,60
2361,45,3608,83
2365,45,3610,92
2367,45,3613,81
2371,45,3616,44
2373,45,3616,35
2376,45,3618,85
2377,45,3620,90
2378,45,3621,95
2379,45,3623,65
2381,45,3625,81
2383,45,3627,81
2385,45,3628,89
2387,45,3630,55
2388,45,3633,90
2389,45,3636,98
2390,45,3636,98
2391,45,3636,98
2392,45,3637,92
2393,45,3638,88
2394,45,3641,75
2395,45,3642,69
2396,45,3644,69
2397,45,3644,52
2398,45,3646,52
2399,46,3690,98
2400,46,3690,
2401,46,3692,94
2403,46,3694,82
2405,46,3697,93
2406,46,3700,90
2408,46,3703,94
2409,46,3706,90
2411,46,3708,83
2414,46,3708,90
2413,46,3708,
2415,46,3710,82
2417,46,3710,80
2418,46,3712,85
2420,46,3714,80
2422,46,3716,79
2424,46,3718,50
2425,46,3720,47
2427,46,3720,49
2428,46,3722,69
2430,46,3724,31
2432,46,3724,31
2434,46,3736,97
2435,46,3738,61
2436,46,3738,44
2437,46,3741,15
2438,47,3777,84
2439,47,3780,74
2440,47,3782,90
2441,47,3784,90
2443,47,3786,82
2445,47,3788,72
2447,47,3790,81
2449,47,3794,89
2450,47,3796,83
2451,47,3798,82
2453,47,3800,68
2455,47,3803,96
2456,47,3804,61
2457,47,3805,73
2458,47,3806,43
2459,48,3862,80
2460,48,3864,61
2462,48,3866,79
2463,48,3868,79
2465,48,3870,69
2467,48,3872,89
2468,48,3874,48
2469,48,3876,84
2470,48,3876,87
2471,48,3878,70
2472,48,3880,90
2473,48,3882,62
2474,48,3894,81
2475,48,3896,82
2476,48,3898,20
2477,49,3950,93
2478,49,3952,92
2481,49,3956,93
2482,49,3960,86
2484,49,3962,79
2486,49,3962,85
2487,49,3964,80
2489,49,3966,85
2491,49,3968,79
2493,49,3970,47
2495,49,3974,77
2497,49,3976,89
2498,49,3978,58
2500,49,3984,78
2501,50,4024,96
2503,50,4026,80
2505,50,4028,79
2507,50,4030,61
2509,50,4032,87
2510,50,4034,75
2512,50,4036,54
2513,50,4042,90
2515,50,4044,65
2517,50,6190,89
2518,50,6192,91
2519,50,4059,54
2521,50,4060,93
2522,50,6194,83
2523,50,6196,76
2524,50,4065,70
2525,50,4074,88
2526,51,4112,93
2527,51,4116,96
2529,51,4120,90
2531,51,4122,90
2533,51,4124,86
2535,51,4126,82
2537,51,4128,79
2539,51,4130,74
2540,51,4132,85
2541,51,4134,93
2542,51,4134,87
2543,51,4138,77
2544,51,4142,92
2545,51,4154,64
2547,51,4158,91
2548,51,4163,84
2550,51,4168,92
2551,52,4218,90
2552,52,4222,92
2553,52,4226,90
2556,52,4230,91
2557,52,4232,91
2558,52,4234,78
2559,52,4243,52
2561,52,4244,86
2563,52,4246,75
2565,52,4258,93
2566,52,4260,79
2568,52,4264,67
2570,52,4264,84
2572,53,4298,96
2574,53,4302,90
2575,53,4306,95
2577,53,4308,78
2579,53,4310,82
2580,53,4314,86
2582,53,4318,81
2583,53,4320,82
2584,53,4322,80
2585,53,4324,67
2587,53,4326,89
2588,53,4328,59
2589,53,4330,75
2590,53,4332,84
2591,53,4334,83
2593,53,4336,91
2593,53,4336,91
2594,53,4338,70
2595,53,4340,84
2597,53,4342,82
2599,53,4346,68
2600,53,4349,67
2601,53,4350,27
2603,53,4352,80
2605,53,4354,90
2607,53,4356,86
2609,54,4372,97
2610,54,4378,76
2614,54,4380,32
2613,54,4380,38
2615,54,4382,78
2616,54,4385,56
2618,54,4386,91
2620,54,4390,76
2621,54,4392,70
2623,54,4394,90
2624,54,4396,96
2626,54,4399,81
2627,54,4414,73
2628,54,4417,80
2630,54,4418,79
2632,54,4420,94
2633,54,4422,61
2635,54,4425,72
2637,54,4426,62
2639,55,4461,89
2640,55,4462,81
2642,55,4464,92
2643,55,4466,53
2644,55,4469,70
2645,55,4470,90
2647,55,4472,59
2649,55,4474,44
2651,55,4476,56
2652,55,4479,54
2653,55,4483,76
2655,55,4485,70
2657,55,4487,63
2658,55,4488,83
2660,55,4492,98
2661,56,4544,81
2663,56,4546,82
2664,56,4549,89
2666,56,4550,82
2668,56,4554,78
2670,56,4558,83
2672,56,4560,74
2674,56,4562,91
2675,56,4566,74
2677,56,4568,85
2679,56,4580,80
2681,56,4582,81
2683,56,4584,71
2685,56,4589,88
2686,56,4592,89
2687,56,4596,94
2689,57,4630,73
2690,57,4632,90
2692,57,4634,71
2693,57,4634,
2695,57,4637,73
2698,57,4638,70
2700,57,4642,91
2701,57,4644,76
2703,57,4647,53
2705,57,4648,90
2706,57,4652,91
2708,57,4664,92
2710,57,4666,81
2711,57,4667,84
2712,57,4668,93
2714,57,4671,92
2715,57,4672,70
2717,57,4674,91
2718,57,4679,92
2719,57,4680,45
2720,57,4682,92
2722,58,4714,80
2725,58,4716,76
2726,58,4718,57
2728,58,4720,79
2730,58,4722,82
2732,58,4723,41
2734,58,4725,81
2736,58,4726,85
2738,58,4728,91
2741,58,4730,85
2742,58,4732,81
2744,58,4734,79
2746,58,4736,74
2748,58,4756,92
2749,58,4761,83
2750,58,4768,92
2752,59,4798,97
2754,59,4801,44
2756,59,4802,80
2757,59,4806,80
2759,59,4808,86
2761,59,4810,70
2763,59,4812,77
2765,59,4814,80
2767,59,4816,94
2769,59,4818,90
2771,59,4820,92
2772,59,4830,78
2773,59,4832,
2775,59,4834,58
2777,59,4836,88
2779,59,4840,70
2781,59,4844,93
2782,59,4850,78
2783,59,4853,94
2785,60,4884,89
2787,60,4889,67
2789,60,4892,90
2791,60,4896,75
2793,60,4900,83
2794,60,4902,77
2795,60,4904,78
2797,60,4908,79
2798,60,4910,80
2800,60,4916,69
2801,60,4920,90
2802,60,4936,92
2805,60,4938,89
2806,60,4940,60
2807,60,4942,94
2809,61,4966,74
2811,61,4968,88
2813,61,4970,78
2815,61,4974,73
2817,61,4978,82
2818,61,4980,80
2819,61,4985,70
2820,61,4986,74
2822,61,5004,72
2823,61,5006,57
2824,61,5018,84
2825,61,5022,92
2826,61,5025,97
2827,61,5026,70
2828,62,5058,80
2830,62,5061,60
2832,62,5062,89
2833,62,5064,78
2835,62,5068,81
2837,62,5070,85
2838,62,5072,78
2840,62,5084,78
2841,62,5086,77
2843,62,5090,85
2845,62,5092,65
2847,62,5096,70
2849,62,5105,66
2852,63,5130,95
2853,63,5134,95
2855,63,5136,95
2856,63,5140,84
2858,63,5142,95
2860,63,5146,81
2863,63,5148,68
2864,63,5152,86
2866,63,5154,90
2868,63,5168,79
2870,63,5172,89
2871,63,5176,85
2873,63,5185,83
2874,63,5186,69
2875,63,5187,75
2876,63,5188,67
2877,63,5189,82
2878,63,5190,90
2879,63,5191,71
2880,64,5213,89
2881,64,5216,81
2883,64,5220,85
2885,64,5224,90
2887,64,5228,83
2889,64,5234,80
2891,64,5236,89
2892,64,5255,79
2893,64,5256,60
2894,64,5257,78
2895,64,5258,88
2896,64,5259,83
2897,64,5260,75
2898,64,5261,77
2899,64,5262,73
2900,64,5264,90
2901,64,5266,67
2903,64,5268,60
2905,64,5270,67
2906,64,5272,79
2908,65,5303,76
2909,65,5303,76
2910,65,5306,68
2912,65,5308,51
2914,65,5310,81
2916,65,5318,76
2917,65,5319,60
2918,65,5320,70
2919,65,5321,95
2920,65,5322,70
2921,65,5323,49
2922,65,5324,81
2923,65,5334,66
2924,65,5335,71
2925,65,5341,79
2926,65,5342,83
2928,65,5344,78
2929,65,5346,94
2931,66,5381,89
2932,66,5384,85
2934,66,5387,93
2936,66,5388,93
2938,66,5390,90
2939,66,5398,82
2941,66,5402,80
2942,66,5406,42
2944,66,5408,91
2946,66,5420,81
2948,66,5429,73
2949,66,5430,83
2951,66,5434,62
2953,66,5437,64
2955,66,5444,57
2956,67,5465,55
2957,67,5468,90
2959,67,5472,87
2961,67,5478,63
2963,67,5482,70
2965,67,5503,17
2967,67,5514,93
2968,67,5515,84
2969,67,5516,50
2970,67,5517,74
2971,67,5518,71
2972,67,5519,93
2973,67,5520,71
2974,67,5521,53
2975,67,5527,52
2976,68,5548,91
2977,68,5554,82
2979,68,5558,89
2981,68,5562,90
2983,68,5568,67
2985,68,5572,88
2987,68,5576,80
2989,68,5587,67
2990,68,5591,71
2991,68,5598,77
2992,68,5602,79
2993,68,5606,91
2994,68,5610,75
2995,68,5612,91
2996,69,5632,76
2997,69,5638,93
2998,69,5642,58
2999,69,5648,79
3001,69,5656,87
3003,69,5660,87
3004,69,5661,97
3005,69,5662,52
3006,69,5684,92
3007,69,5686,88
3008,69,5688,89
3009,69,5692,62
3010,69,5696,80
3011,70,5716,80
3012,70,5722,80
3013,70,5726,62
3016,70,5730,60
3018,70,5736,89
3020,70,5744,68
3022,70,5754,70
3023,70,5755,95
3024,70,5762,70
3025,70,5764,69
3026,70,5766,80
3833,70,5768,91
3028,70,5770,76
3029,71,5800,83
3030,71,5801,57
3031,71,5804,86
3033,71,5808,81
3035,71,5812,83
3036,71,5820,92
3038,71,5823,51
3039,71,5824,48
3041,71,5846,82
3042,71,5848,49
3043,71,5850,80
3044,71,5852,89
3045,71,5854,79
3046,71,5856,84
3047,71,5860,83
3048,71,5862,79
3049,72,5886,82
3050,72,5888,95
3051,72,5892,56
3052,72,5895,57
3053,72,5896,89
3054,72,5906,76
3055,72,5908,68
3056,72,5908,68
3057,72,5928,74
3058,72,5930,88
3059,72,5932,82
3060,72,5934,52
3061,72,5937,84
3062,72,5940,83
3063,72,5942,92
3064,72,5944,89
3065,72,5946,85
3066,73,5974,85
3067,73,5978,85
3068,73,5979,20
3069,73,5981,82
3070,73,5982,94
3071,73,5984,76
3072,73,5987,70
3073,73,5989,45
3074,73,5990,83
3075,73,6014,51
3076,73,6016,95
3077,73,6018,73
3078,73,6018,78
3079,73,6020,80
3080,73,6021,84
3081,73,6022,84
3082,73,6023,90
3083,73,6024,84
3084,73,6026,85
3085,73,6027,69
3086,73,6028,90
3087,74,6048,86
3088,74,6049,78
3090,74,6050,70
3091,74,6050,69
3092,74,6051,95
3093,74,6052,96
3094,74,6052,85
3095,74,6053,58
3096,75,6064,73
3099,75,6065,62
3101,75,6066,74
3102,75,6067,73
3104,75,6068,64
3105,75,6069,59
3106,75,6069,59
3107,75,6070,93
3108,75,6070,2
3109,75,6071,83
3110,75,6071,39
3111,76,6080,80
3112,76,6081,60
3114,76,6082,84
3115,76,6083,77
3116,76,6084,62
3117,76,6084,65
2338,76,6085,90
3119,77,6096,82
3120,77,6096,80
3121,77,6097,80
3123,77,6098,88
3124,77,6099,92
3126,77,6100,80
3127,78,6112,13
3128,78,6113,84
3130,78,6114,92
3131,78,6115,79
3132,78,6116,19
3133,78,6117,87
3134,78,6122,87
3135,78,6122,65
3136,79,6128,74
3137,79,6128,85
3138,79,6129,70
3139,79,6130,
3140,79,6132,76
3141,79,6133,92
3142,80,6145,76
3144,80,6146,94
3145,80,6148,62
3146,80,6149,97
3147,81,6158,90
3149,82,6166,75
3150,82,6167,85
3151,82,6167,89
3152,83,6174,70
3153,83,6175,55
3154,84,6184,90
3155,58,4765,90
3156,58,4766,90
3157,59,4848,96
3158,56,4586,95
3159,56,4590,89
3160,55,4508,94
3161,53,4304,90
3162,53,4316,89
3163,52,4228,97
3164,52,4256,95
3165,51,4166,94
3185,16,1223,83
3186,16,1224,64
3190,16,1225,86
3191,16,1226,82
3193,16,1227,49
3196,16,1228,90
3199,16,1230,75
3206,16,1231,67
3208,16,1232,93
3211,16,1234,81
3215,16,1236,17
3216,16,1236,78
3217,16,1238,93
3225,16,1240,57
3232,16,1241,51
3233,16,1243,90
3234,16,1244,17
3235,16,1245,85
3850,4,301,
3851,4,300,
3852,4,303,
3853,4,301,