"id","game_version_id","trick_type_id","volume_id","page"
13,31,2,1,50
14,32,2,1,50
15,33,1,1,50
16,34,1,1,50
17,35,1,1,51
18,36,1,1,51
19,37,2,1,51
20,38,4,1,51
21,38,3,1,51
22,39,3,1,52
23,40,1,1,56
24,41,1,1,56
25,42,2,1,56
27,46,1,1,67
28,47,1,1,67
29,48,1,1,67
30,49,1,1,67
31,50,1,1,67
32,51,1,1,67
33,52,1,1,67
34,53,1,1,67
35,54,1,1,67
36,55,1,1,67
37,99,1,2,42
38,100,1,2,42
39,101,5,2,42
40,102,1,2,42
41,72,6,2,42
42,103,1,2,42
43,105,6,2,42
44,89,4,2,43
45,90,4,2,43
46,89,3,2,44
47,90,3,2,44
48,106,1,2,43
49,107,3,2,46
50,506,1,2,59
51,46,1,2,59
52,47,1,2,59
53,1016,1,2,59
54,1017,1,2,59
55,133,1,3,59
56,46,1,3,64
57,47,1,3,64
58,137,1,3,64
59,1017,1,3,64
60,1349,1,3,64
61,50,1,3,64
62,1350,1,3,50
64,1987,6,1,56
65,3869,6,3,50
66,3870,5,3,50
67,3253,5,3,51
68,3871,6,3,51
69,3872,6,3,51
70,3873,5,3,51
71,3874,5,3,51
72,3875,6,3,51
73,14,1,3,52
74,3876,1,3,52
75,16,6,3,52
76,3877,5,3,52
77,125,2,3,52
78,71,5,4,46
79,3878,5,4,46
80,125,2,4,46
81,3879,1,4,46
82,150,6,4,47
83,159,6,4,47
84,3880,4,4,47
85,3,3,4,48
86,3,4,4,48
87,58,3,4,50
88,3,1,4,52
89,3881,1,4,59
90,108,1,4,59
91,3882,1,4,59
92,51,1,4,59
93,142,1,4,59
94,141,1,4,59
95,52,1,4,59
96,3,1,5,46
99,3884,5,5,46
277,1677,5,11,49
101,62,6,5,46
102,170,6,5,47
103,3885,2,5,47
107,1987,4,5,47
108,1987,2,5,47
111,3886,5,5,47
112,3887,6,5,48
113,3888,4,5,48
114,3888,3,5,48
115,3425,1,5,48
116,79,6,5,49
117,80,1,5,48
118,1676,3,5,49
266,394,1,11,47
120,149,1,5,50
121,149,3,5,50
122,149,6,5,51
123,108,1,5,59
124,140,1,5,59
125,46,1,5,59
126,47,1,5,59
127,137,1,5,59
128,3890,1,5,59
129,3889,1,5,59
130,3891,6,6,59
131,64,1,6,59
132,3893,6,6,59
133,3892,6,6,59
134,126,5,6,59
135,3894,3,6,60
136,3894,1,6,60
137,3880,3,6,62
138,3870,3,6,64
139,121,5,6,65
140,177,5,6,65
269,3917,1,11,47
142,3580,1,6,65
143,177,1,6,65
270,313,5,11,48
145,3581,1,6,65
268,3911,1,11,47
147,3582,1,6,65
267,395,1,11,47
149,37,5,6,65
150,3896,6,6,65
151,3895,5,6,65
152,145,5,6,65
153,3888,1,6,65
154,3897,1,6,68
155,108,1,7,53
156,140,1,7,53
157,142,1,7,53
158,141,1,7,53
159,3900,1,7,53
160,3898,1,7,53
161,3899,1,7,53
162,3901,1,7,58
163,3884,5,7,60
272,344,5,11,48
165,3886,5,7,60
166,89,5,7,60
167,168,5,7,60
168,71,5,7,60
169,3902,1,7,60
170,320,2,7,61
171,321,2,7,61
172,1935,5,7,61
280,328,6,11,50
278,337,5,11,49
175,2435,4,7,61
176,2436,4,7,61
177,3903,5,7,61
178,265,3,7,62
179,1815,3,7,62
180,266,3,7,62
181,192,3,7,64
182,192,1,7,64
183,218,6,7,65
184,218,3,7,65
185,3904,3,7,66
186,3905,4,8,52
187,3906,2,8,58
188,215,1,8,58
189,1935,5,8,58
282,169,6,11,50
191,3907,6,8,58
192,3908,5,8,58
193,3909,6,8,58
194,3910,3,8,59
195,3910,4,8,59
196,223,3,8,60
197,143,4,8,63
198,143,3,8,62
199,3911,1,9,55
200,286,1,9,55
201,1020,1,9,55
202,142,1,9,55
203,141,1,9,55
204,107,4,9,56
205,1018,4,9,56
206,222,5,9,60
271,343,5,11,48
208,173,4,9,60
279,400,6,11,49
210,2436,4,9,60
211,3912,6,9,61
212,253,5,9,61
213,3425,6,9,61
276,393,5,11,49
215,100,6,9,61
216,168,6,9,61
217,3906,2,9,61
218,22,6,9,62
219,16,6,9,62
220,58,5,9,62
221,320,6,9,62
222,161,5,9,63
274,495,3,11,48
224,2475,1,9,63
225,3914,1,9,63
226,1994,6,10,44
227,304,5,10,44
275,338,6,11,49
229,105,6,10,44
230,3884,5,10,44
273,494,3,11,48
232,278,5,10,44
233,350,5,10,45
234,2079,6,10,45
235,1935,5,10,45
281,2637,6,11,50
237,388,5,10,45
238,340,5,10,45
239,3915,6,10,45
240,320,3,10,46
241,321,3,10,46
242,343,3,10,48
243,344,3,10,48
244,347,3,10,48
245,345,3,10,48
246,346,3,10,48
247,392,3,10,50
248,392,5,10,50
249,392,4,10,50
250,308,3,10,50
251,309,3,10,50
252,311,3,10,50
253,312,3,10,50
254,310,3,10,50
255,107,4,10,63
256,1018,4,10,63
257,288,1,10,64
258,289,1,10,64
259,52,1,10,64
260,142,1,10,64
261,141,1,10,64
262,286,1,10,64
263,1020,1,10,64
264,1350,1,10,64
265,3916,1,10,64
283,3325,5,11,50
284,376,4,11,50
285,377,4,11,50
286,379,4,11,50
287,378,4,11,50
288,376,6,11,50
289,376,3,11,52
290,377,3,11,52
291,379,3,11,52
292,378,3,11,52
293,1572,3,11,56
294,454,3,11,56
295,448,3,11,56
296,449,3,11,56
297,451,3,11,56
298,450,3,11,56
299,3918,5,11,49
300,303,6,21,44
301,440,5,21,44
302,408,5,21,44
303,402,5,21,44
304,400,6,21,44
305,1564,2,21,45
306,1564,1,21,45
307,1573,5,21,46
308,143,2,21,46
309,111,5,21,46
310,1679,6,21,46
311,1557,3,21,46
312,356,6,21,47
313,3919,6,21,48
314,3252,1,21,48
315,1572,3,21,48
316,454,3,21,48
317,448,3,21,48
318,449,3,21,48
319,451,3,21,48
320,450,3,21,48
321,346,6,21,48
322,343,6,21,48
323,286,1,21,55
324,1020,1,21,55
325,239,1,21,55
326,395,1,21,55
327,46,1,21,55
328,47,1,21,55
329,3920,1,21,55
330,338,3,12,40
331,258,5,12,41
332,1351,2,12,41
333,3527,2,12,41
334,266,6,12,41
335,1994,6,12,42
336,1071,6,12,42
337,1055,6,12,42
338,494,3,12,42
339,495,6,12,42
340,1074,3,12,43
341,1077,3,12,43
342,1076,3,12,43
343,1075,3,12,43
344,1051,6,12,44
345,3626,6,12,44
346,476,6,12,44
347,2687,6,12,44
348,386,6,12,44
349,173,6,12,44
350,2435,6,12,44
351,3921,6,12,40
352,3922,6,12,41
353,3923,6,12,43
354,3924,5,12,44
355,108,1,12,47
356,395,1,12,47
357,239,1,12,47
358,287,1,12,47
359,3925,1,12,47
360,3926,1,12,47
361,52,1,13,54
362,286,1,13,54
363,1020,1,13,54
364,287,1,13,54
365,71,1,13,54
366,72,1,13,54
367,3917,1,13,54
368,108,1,13,54
369,46,1,13,54
370,47,1,13,54
371,3927,1,13,54
372,3928,1,13,54
373,3929,5,13,56
374,556,6,13,56
375,556,6,13,56
376,1026,6,13,56
377,498,5,13,56
378,492,6,13,57
379,1050,6,13,57
380,300,6,13,57
381,193,3,13,58
382,1030,3,13,60
383,1031,3,13,60
384,1202,3,13,60
385,1032,3,13,60
386,1203,3,13,60
387,1075,6,13,62
388,1068,5,13,62
389,1068,3,13,62
390,1069,3,13,62
391,1070,3,13,62
392,440,5,13,62
393,293,5,13,63
394,430,5,13,63
395,352,6,13,63
396,2435,6,13,63
397,173,6,13,63
398,408,5,13,63
399,3930,6,13,63
400,3931,5,13,57
401,568,6,13,57
402,3932,6,13,57
403,3933,4,22,52
404,286,1,22,55
405,1020,1,22,55
406,108,1,22,55
407,288,1,22,55
408,289,1,22,55
409,52,1,22,55
410,538,1,22,55
411,539,1,22,55
412,239,1,22,55
413,3900,1,22,55
414,3920,1,22,55
415,3934,1,22,55
416,3921,6,22,58
417,300,3,22,58
418,300,4,22,58
419,299,4,22,58
420,299,3,22,58
421,499,3,22,59
422,589,3,22,60
423,590,3,22,60
424,1080,4,22,62
425,522,3,22,62
426,523,3,22,62
427,525,3,22,62
428,524,3,22,62
429,394,1,84,47
430,142,1,84,47
431,141,1,84,47
432,1078,1,84,47
433,1079,1,84,47
434,395,1,84,47
435,3233,1,84,47
436,3920,1,84,47
437,3935,1,84,47
438,3936,1,84,47
439,3937,1,84,47
440,514,6,84,51
441,1878,6,84,51
442,3196,6,84,51
443,547,5,84,51
444,3541,5,84,51
445,1353,6,84,51
446,3529,6,84,51
447,1065,6,84,52
448,575,6,84,52
449,589,6,84,52
450,590,6,84,52
451,350,6,84,52
452,3264,6,84,52
453,509,6,84,52
454,1094,6,84,52
455,513,6,84,53
456,589,4,84,53
457,590,4,84,53
458,2455,3,84,54
459,1028,3,84,54
460,1029,3,84,54
461,1027,3,84,54
462,1026,3,84,54
463,2455,6,84,55
464,1028,6,84,55
465,3938,5,84,51
466,3939,6,84,52
467,3940,6,84,53
468,3940,5,84,53
469,3248,6,23,36
470,3902,5,23,36
471,1561,3,23,36
472,1106,3,23,36
473,252,5,23,37
474,1352,2,23,37
475,1353,2,23,37
476,3529,2,23,37
477,402,5,23,37
478,3902,5,23,37
479,1121,6,23,37
480,2437,6,23,37
481,1935,5,23,38
482,270,5,23,38
483,1677,5,23,38
484,393,5,23,38
485,3173,3,23,38
486,3176,3,23,38
487,3174,3,23,38
488,3175,5,23,38
489,3941,6,23,37
490,3942,6,23,37
491,3943,6,23,38
492,3943,5,23,38
493,1987,6,23,42
494,2687,6,23,42
495,476,6,23,42
496,522,6,23,42
497,3186,6,23,43
498,554,6,23,43
499,258,5,23,43
500,1561,5,23,43
501,1067,5,23,43
502,371,5,23,43
503,1677,3,23,44
504,393,3,23,44
505,3211,2,23,45
506,581,5,23,45
507,3541,5,23,45
508,1678,5,23,45
509,102,5,23,45
510,547,5,23,45
511,3583,5,23,45
512,1087,3,23,45
513,1088,3,23,45
514,3920,1,23,58
515,1132,1,23,58
516,1131,1,23,58
517,3233,1,23,58
518,3235,1,23,58
519,166,1,23,58
520,536,1,23,58
521,537,1,23,58
522,1128,1,23,58
523,287,1,23,58
524,3944,1,23,58
525,3945,1,23,58
526,3946,5,23,45
527,3947,5,23,45
528,3948,6,23,43
529,3950,5,23,43
530,3949,5,23,43
531,523,5,23,40
532,403,5,23,40
533,3957,5,23,40
534,3958,5,23,40
535,3959,5,23,40
536,3960,5,23,40
537,3961,5,23,40
538,3962,5,23,40
539,3963,5,23,40
540,3964,5,23,40
541,3965,5,23,40
542,1112,5,23,40
543,3991,5,23,40
544,501,5,23,40
545,3882,1,24,42
546,3920,1,24,42
547,1132,1,24,42
548,1131,1,24,42
549,3233,1,24,42
550,1078,1,24,42
551,1079,1,24,42
552,3235,1,24,42
553,287,1,24,42
554,536,1,24,42
555,537,1,24,42
556,137,1,24,42
557,3975,1,24,42
558,395,4,24,43
559,336,4,24,43
560,1028,6,24,54
561,2455,6,24,54
562,3583,5,24,54
563,3541,5,24,54
564,547,5,24,54
565,548,5,24,54
566,589,6,24,54
567,3976,5,23,40
568,3977,5,23,40
569,3978,5,23,40
570,3979,5,23,40
571,3980,5,23,40
572,3981,5,23,40
573,3982,5,23,40
574,3996,5,23,40
575,3983,5,23,40
576,3984,5,23,40
577,3985,5,23,40
578,3997,5,23,40
579,3987,5,23,40
580,3988,5,23,40
581,3989,5,23,40
582,3990,5,23,40
583,3992,5,23,40
584,3993,5,23,40
585,3994,5,23,40
586,3995,5,23,40
587,3998,5,23,40
588,3999,5,23,40
589,4007,5,23,40
590,4000,5,23,40
591,4001,5,84,40
592,4002,5,23,40
593,4003,5,23,40
594,493,5,23,40
595,4004,5,23,40
596,4005,5,23,40
597,4006,5,23,40
598,3886,5,23,40
599,1029,5,23,40
600,4014,5,23,40
601,4015,5,23,40
602,4016,5,23,40
603,4017,5,23,40
604,4018,5,23,40
605,4019,5,23,40
606,4020,5,23,40
607,4021,5,23,40
608,4022,5,23,40
609,409,5,23,41
610,1072,5,23,41
611,1088,5,23,41
612,4024,5,23,41
613,4026,5,23,41
614,4027,5,23,41
615,4028,5,23,41
616,4029,5,23,41
617,4030,5,23,41
618,4031,5,23,41
619,4032,5,23,41
620,4033,5,23,41
621,4034,5,23,41
622,4035,5,23,41
623,4036,5,23,41
624,4037,5,23,41
625,4038,5,23,41
626,241,5,23,41
627,4039,5,23,41
628,389,5,23,41
629,389,5,23,41
630,4040,5,23,41
631,4041,5,23,41
632,4042,5,23,41
633,4043,5,23,41
634,4044,5,23,41
635,4045,5,23,41
636,4046,5,23,41
637,4047,5,23,41
638,4048,5,23,41
639,4049,5,23,41
640,4050,5,23,41
641,4051,5,23,41
642,4052,5,23,41
643,4053,5,23,41
644,4054,5,23,41
645,4055,5,23,41
646,4056,5,23,41
647,4057,5,23,41
648,4058,5,23,41
649,4059,5,23,41
650,4060,5,23,41
651,4061,5,23,41
652,4062,5,23,41
653,4063,5,23,41
654,4064,5,23,41
655,260,5,23,41
656,548,5,23,41
657,1605,5,23,41
658,4065,5,23,41
659,4066,5,23,41
660,4067,5,23,41
661,4068,5,23,41
662,4069,5,23,41
663,4070,5,23,41
664,4071,5,23,41
665,4072,5,23,41
666,4074,5,23,41
667,4073,5,23,41
668,4075,5,23,41
669,4076,5,23,41
670,4077,5,23,41
671,4078,5,23,41
672,4079,5,23,41
673,4080,5,23,41
674,4081,5,23,41
675,4082,5,23,41
676,4083,5,23,41
677,4084,5,23,41
678,4085,5,23,41
679,4086,5,23,41
680,4087,5,23,41
681,469,5,23,41
682,3226,5,23,41
683,510,5,23,41
684,3882,1,24,42
685,3920,1,24,42
686,1132,1,24,42
687,3233,1,24,42
688,1078,1,24,42
689,3975,1,24,42
690,3235,1,24,42
691,287,1,24,42
692,536,1,24,42
693,137,1,24,42
694,395,4,24,43
695,336,4,24,43
696,2455,6,24,54
697,3541,5,24,54
698,547,5,24,54
699,3583,5,24,54
700,589,6,24,54
701,4088,5,24,54
702,4089,5,24,54
703,4090,5,24,54
704,1200,1,24,55
705,3171,3,24,56
706,3172,3,24,56
707,3233,1,14,50
708,287,1,14,50
709,648,1,14,50
710,166,1,14,50
711,1128,1,14,50
712,1132,1,14,50
713,1131,1,14,50
714,395,4,14,52
715,1354,6,14,62
716,1177,6,14,62
717,1177,3,14,62
718,1816,3,14,62
719,3939,5,14,63
720,3626,5,14,63
721,1051,5,14,63
722,3208,6,14,63
723,3193,5,14,63
724,3168,6,14,63
725,4092,2,14,63
726,1312,2,14,63
727,1313,2,14,63
728,1111,5,14,63
729,3518,2,14,63
730,1149,2,14,63
731,3519,2,14,63
732,3520,2,14,63
733,388,5,14,63
734,3169,3,14,64
735,3170,3,14,64
736,3169,6,14,64
737,2781,1,14,65
738,3166,1,14,65
739,3167,1,14,65
740,3168,1,14,65
741,3940,5,14,65
742,3260,5,14,65
743,64,5,14,65
744,572,5,14,65
745,1144,5,14,65
746,339,6,14,65
747,3334,3,14,66
748,287,1,15,56
749,1078,1,15,56
750,3235,1,15,56
751,1132,1,15,56
752,1131,1,15,56
753,395,4,15,56
754,4093,1,15,56
755,4094,5,15,60
756,4095,6,15,62
757,4096,6,15,62
758,4097,6,15,62
759,4098,6,15,62
760,4099,6,15,62
761,4100,6,15,60
762,1730,5,15,60
763,611,5,15,60
764,3200,6,15,60
765,1170,3,15,61
766,1171,3,15,61
767,1173,3,15,61
768,1172,3,15,61
769,571,3,15,62
770,571,4,15,62
771,646,1,15,62
772,647,1,15,62
773,491,6,15,62
774,1312,3,15,63
775,1313,3,15,63
776,4092,3,15,63
777,1814,3,15,63
778,1314,3,15,63
779,369,4,15,64
780,370,4,15,64
781,1192,6,15,64
782,1235,2,15,65
783,1236,2,15,65
784,1235,5,15,65
785,1231,6,15,65
786,672,6,15,65
787,1223,1,15,65
788,1164,5,15,65
789,1135,3,15,66
790,1136,3,15,66
791,1138,3,15,66
792,1137,3,15,66
793,1139,3,15,66
794,3911,1,16,33
795,48,1,16,33
796,49,1,16,33
797,50,1,16,33
798,3882,1,16,33
799,3975,1,16,33
800,3235,1,16,33
801,648,1,16,33
802,623,6,16,42
803,3334,5,16,42
804,591,6,16,42
805,3185,2,16,42
806,3185,6,16,42
807,659,5,16,42
808,1170,6,16,42
809,1215,6,16,44
810,350,2,16,44
811,351,2,16,44
812,353,2,16,44
813,354,2,16,44
814,352,2,16,44
815,720,2,16,44
816,721,2,16,44
817,723,2,16,44
818,722,2,16,44
819,661,6,16,44
820,677,6,16,44
821,677,6,16,44
822,3717,5,16,44
823,638,5,16,44
824,640,5,16,44
825,638,6,16,44
826,640,6,16,44
827,621,6,16,44
828,1730,5,16,44
829,611,5,16,44
830,1189,3,16,45
831,2388,3,16,45
832,1189,4,16,45
833,2388,4,16,45
834,623,3,16,46
835,624,3,16,46
836,625,3,16,46
837,626,3,16,46
838,2781,6,16,48
839,3166,6,16,48
840,636,5,16,48
841,3726,6,16,48
842,1133,6,16,48
843,1093,2,16,48
844,1164,5,16,48
845,626,6,16,48
846,378,6,16,48
847,3586,6,16,48
848,549,6,16,48
849,1194,6,16,48
850,4101,6,16,44
851,4102,3,16,43
852,4102,4,16,43
853,212,6,16,48
854,395,4,17,30
855,1135,5,17,48
856,3433,1,17,48
857,677,5,17,48
858,647,6,17,48
859,1093,2,17,48
860,1192,5,17,48
861,63,2,17,48
862,1215,5,17,48
863,652,3,17,49
864,2393,3,17,49
865,653,3,17,49
866,655,3,17,49
867,654,3,17,49
868,758,3,17,50
869,759,3,17,50
870,542,6,17,52
871,470,6,17,52
872,758,5,17,52
873,758,4,17,52
874,759,4,17,52
875,1217,1,17,52
876,1218,1,17,52
877,1220,1,17,52
878,1219,1,17,52
879,4103,6,17,52
880,4104,6,17,52
881,2388,4,17,53
882,1189,4,17,53
883,3747,1,17,53
884,3748,1,17,53
885,3749,1,17,53
886,599,3,17,53
887,600,3,17,53
888,3920,4,18,27
889,849,1,18,28
890,55,1,18,28
891,137,1,18,28
892,1128,1,18,28
893,3944,1,18,28
894,4105,1,18,28
895,4106,1,18,28
896,4107,1,18,28
897,806,4,18,33
898,804,4,18,33
899,805,4,18,33
900,807,4,18,33
901,3738,6,18,33
902,609,6,18,33
903,675,5,18,33
904,731,5,18,33
905,1227,6,18,34
906,3947,5,18,34
907,1211,6,18,34
908,599,6,18,34
909,664,5,18,34
910,1140,1,18,35
911,2304,1,18,35
912,1141,1,18,35
913,1143,1,18,35
914,2305,1,18,35
915,1142,1,18,35
916,772,3,18,36
917,1731,3,18,36
918,773,3,18,36
919,774,3,18,36
920,591,6,18,38
921,749,1,18,38
922,652,3,18,40
923,2393,3,18,40
924,653,3,18,40
925,655,3,18,40
926,654,3,18,40
927,640,6,18,41
928,1730,5,18,41
929,611,5,18,41
930,2781,1,18,41
931,3166,1,18,41
932,3167,1,18,41
933,3168,1,18,41
934,10,6,18,41
935,4108,5,18,41
936,4109,5,18,38
937,3529,5,18,41
938,3930,5,18,41
939,1065,5,18,41
940,162,5,18,41
941,470,5,18,41
942,576,5,18,41
943,4110,5,18,41
944,4111,5,18,41
945,4112,5,18,41
946,4113,5,18,41
947,4114,5,18,41
948,4115,5,18,41
949,2455,6,18,42
950,3325,5,18,42
951,627,6,18,42
952,3950,5,18,42
953,1354,5,18,42
954,3908,5,18,42
955,3909,5,18,42
956,4118,5,18,42
957,4119,2,18,42
958,687,3,18,43
959,688,3,18,43
960,4117,3,18,43
961,650,3,18,45
962,651,3,18,45
963,650,4,18,45
964,651,4,18,45
965,1208,2,18,45
966,4120,2,18,45
967,819,3,18,46
968,599,3,18,48
969,600,3,18,48
970,4111,3,18,48
971,599,1,18,48
972,600,1,18,48
973,4111,1,18,48
974,599,2,18,50
975,600,2,18,50
976,4111,2,18,50
977,4106,1,19,26
978,1132,1,19,26
979,1131,1,19,26
980,142,1,19,27
981,141,1,19,27
982,687,1,19,27
983,688,1,19,27
984,4117,1,19,27
985,4121,1,19,27
986,886,5,19,29
987,865,5,19,29
988,934,5,19,29
989,10,6,19,29
990,845,3,19,30
991,846,3,19,30
992,847,3,19,30
993,666,3,19,32
994,667,3,19,32
995,666,1,19,32
996,667,1,19,32
997,768,6,19,33
998,873,6,19,33
999,752,5,19,33
1000,750,5,19,33
1001,819,5,19,33
1002,4122,5,19,33
1003,4123,6,19,33
1004,4123,2,19,33
1005,4122,5,20,35
1006,926,5,20,35
1007,898,5,20,35
1008,599,1,20,35
1009,600,1,20,35
1010,4111,1,20,35
1011,858,6,20,35
1012,776,6,20,36
1013,3334,6,20,36
1014,984,6,20,36
1015,752,5,20,37
1016,1312,6,20,37
1017,839,2,20,37
1018,2748,2,20,37
1019,840,2,20,37
1020,942,4,20,38
1021,943,4,20,38
1022,942,1,20,38
1023,943,1,20,38
1024,787,5,20,38
1025,705,5,20,38
1026,865,5,20,38
1027,664,5,20,38
1028,664,2,20,38
1029,665,2,20,38
1030,942,3,20,39
1031,943,3,20,39
1032,3747,1,20,42
1033,3748,1,20,42
1034,3749,1,20,42
1035,851,2,20,43
1036,852,2,20,43
1037,3168,5,20,36
1038,4103,5,20,36
1039,80,5,20,36
1040,208,5,20,36
1041,1142,5,20,36
1042,3241,5,20,36
1043,1194,5,20,36
1044,3586,5,20,36
1045,4134,5,20,36
1046,4135,5,20,36
1047,4136,5,20,36
1048,4137,5,20,36
1049,4138,5,20,36
1050,4139,5,20,36
1051,4140,5,20,36
1052,4117,5,20,37
1053,3924,5,20,37
1054,3949,5,20,37
1055,4141,5,20,37
1056,4142,5,20,37
1057,4143,5,20,37
1058,4144,5,20,37
1059,4145,5,20,37
1060,850,1,25,39
1061,718,1,25,39
1062,719,1,25,39
1063,4146,1,25,39
1064,1260,3,25,40
1065,1261,3,25,40
1066,1263,3,25,40
1067,1262,3,25,40
1068,1264,3,25,40
1069,50,1,25,41
1070,3882,1,25,41
1071,536,1,25,41
1072,537,1,25,41
1073,3233,1,25,41
1074,718,1,25,41
1075,719,1,25,41
1076,850,1,25,41
1077,715,1,25,41
1078,3235,1,25,41
1079,849,1,25,41
1080,848,1,25,41
1081,893,6,26,32
1082,728,5,26,32
1083,907,5,26,32
1084,3539,3,26,34
1085,744,3,26,34
1086,3537,3,26,34
1087,745,3,26,34
1088,3538,3,26,34
1089,4147,4,26,36
1090,4147,3,26,44
1091,3747,3,26,46
1092,3748,3,26,46
1093,3749,3,26,46
1094,754,3,26,46
1095,755,3,26,36
1096,522,1,26,47
1097,523,1,26,47
1098,525,1,26,47
1099,524,1,26,47
1100,766,5,26,47
1101,4148,1,26,47
1102,4149,1,26,47
1103,3528,6,27,33
1104,4150,2,27,33
1105,3869,3,27,34
1106,378,4,27,35
1107,845,6,27,35
1108,806,3,27,36
1109,804,3,27,36
1110,805,3,27,36
1111,807,3,27,36
1112,937,1,27,38
1113,958,2,27,38
1114,959,2,27,38
1115,960,2,27,38
1116,958,5,27,38
1117,4151,6,27,38
1118,3528,6,27,39
1119,66,1,27,39
1120,69,1,27,39
1121,760,1,27,39
1122,3059,1,27,39
1123,762,1,27,39
1124,70,1,27,39
1125,2350,3,27,40
1126,953,3,27,40
1127,954,3,27,40
1128,956,3,27,40
1129,955,3,27,40
1130,957,3,27,40
1131,4151,3,27,42
1132,937,3,27,44
1133,2781,1,27,46
1134,3166,1,27,46
1135,3167,1,27,46
1136,3168,1,27,46
1137,768,6,27,46
1138,627,6,27,46
1139,851,2,27,47
1140,852,2,27,47
1141,853,2,27,47
1142,854,2,27,47
1143,851,4,27,47
1144,852,4,27,47
1145,853,4,27,47
1146,854,4,27,47
1147,3882,1,27,51
1148,718,1,27,51
1149,719,1,27,51
1150,4146,1,27,51
1151,893,5,28,
1152,2350,1,28,
1153,953,1,28,
1154,954,1,28,
1155,956,1,28,
1156,955,1,28,
1157,957,1,28,
1158,982,1,28,
1159,2398,1,28,
1160,983,1,28,
1161,986,1,28,
1162,985,1,28,
1163,2991,1,28,
1164,984,1,28,
1165,3536,5,28,
1166,944,5,28,
1167,64,2,28,
1168,42,2,28,
1169,823,1,28,
1170,3812,1,28,
1171,4015,1,28,
1172,958,1,28,
1173,959,1,28,
1174,960,1,28,
1175,898,3,28,
1176,899,3,28,
1177,900,3,28,
1178,1330,3,28,
1179,3620,3,28,
1180,1331,3,28,
1181,3621,3,28,
1182,3622,3,28,
1183,1330,1,28,
1184,3620,1,28,
1185,1331,1,28,
1186,3622,1,28,
1187,3621,1,28,
1188,873,3,28,
1189,874,3,28,
1190,875,3,28,
1191,876,3,28,
1192,2718,3,28,
1193,1245,3,28,
1194,1246,3,28,
1195,2388,4,28,
1196,1189,4,28,
1197,2388,3,28,
1198,1189,3,28,
1199,4152,3,28,
1200,4153,3,28,
1201,1333,1,29,54
1202,994,1,29,55
1203,3141,4,29,58
1204,1249,4,29,58
1205,1250,4,29,58
1206,3141,3,29,60
1207,1249,3,29,60
1208,1250,3,29,60
1209,605,5,30,53
1210,540,2,30,53
1211,3464,2,30,53
1212,541,2,30,53
1213,542,2,30,53
1214,3166,2,30,53
1215,2781,2,30,53
1216,3167,2,30,53
1217,3168,2,30,53
1218,1148,2,30,53
1219,3518,2,30,53
1220,1149,2,30,53
1221,3519,2,30,53
1222,3520,2,30,53
1223,935,5,30,53
1224,3521,2,30,53
1225,602,2,30,53
1226,937,5,30,53
1227,3319,5,30,53
1228,961,5,30,53
1229,926,5,30,53
1230,914,5,30,53
1231,4154,5,30,53
1232,4155,5,30,53
1233,1414,4,30,54
1234,2238,4,30,54
1235,1258,3,30,61
1236,1259,3,30,61
1237,1239,3,30,62
1238,2919,3,30,62
1239,1240,3,30,62
1240,3715,3,30,62
1241,1242,3,30,62
1242,3716,3,30,62
1243,1241,3,30,62
1244,1239,1,30,62
1245,2919,1,30,62
1246,1240,1,30,62
1247,3715,1,30,62
1248,1242,1,30,62
1249,3716,1,30,62
1250,1241,1,30,62
1251,1340,3,30,64
1252,939,5,30,65
1253,2350,6,30,65
1254,953,6,30,65
1255,995,2,30,65
1256,996,2,30,65
1257,995,5,30,65
1258,958,2,30,65
1259,959,2,30,65
1260,958,1,30,65
1261,959,1,30,65
1262,646,1,30,65
1263,2687,3,30,66
1264,476,3,30,66
1265,477,3,30,66
1266,781,5,30,70
1267,873,2,30,70
1268,4025,2,30,70
1269,783,2,30,70
1270,784,2,30,70
1271,1286,1,30,70
1272,2080,1,30,70
1273,1287,1,30,70
1274,1289,1,30,70
1275,1288,1,30,70
1276,599,1,30,70
1277,600,1,30,70
1278,4111,1,30,70
1279,599,6,30,70
1280,600,6,30,70
1281,111,2,30,71
1282,1398,2,30,71
1283,2718,2,30,71
1284,1245,2,30,71
1285,1246,2,30,71
1286,581,2,30,71
1289,1359,2,30,71
1288,1358,2,30,71
1290,1361,2,30,71
1291,1360,2,30,71
1292,3306,5,30,71
1293,1282,5,30,71
1294,557,1,30,71
1295,601,5,30,71
1296,4156,2,30,70
1297,4157,5,30,71
1298,4157,2,30,71
1299,4158,5,30,71
1300,4106,3,30,77
1301,1016,3,30,78
1302,4159,3,30,79
1303,3347,4,31,45
1304,3357,4,31,45
1305,3356,4,31,45
1306,379,6,31,51
1307,1405,1,31,51
1308,1406,1,31,51
1309,1407,1,31,51
1310,1408,1,31,51
1311,240,1,31,51
1312,241,1,31,51
1313,1210,1,31,51
1314,823,2,31,51
1315,823,2,31,51
1316,4015,2,31,51
1317,1415,2,31,51
1318,1416,2,31,51
1319,1306,2,31,51
1320,1372,3,31,52
1321,1373,3,31,52
1322,1442,3,31,56
1323,1443,3,31,56
1324,1869,3,31,56
1325,1414,4,31,58
1326,2238,4,31,58
1328,3185,6,31,61
1329,104,6,31,61
1330,3193,6,31,61
1331,3196,6,31,61
1332,1878,6,31,61
1333,1227,6,31,61
1334,621,6,31,61
1335,4039,6,31,61
1336,1144,6,31,61
1337,1730,6,31,61
1338,611,6,31,61
1339,3169,6,31,61
1340,708,6,31,61
1341,4074,6,31,61
1342,698,6,31,61
1343,98,6,31,61
1344,3211,6,31,61
1345,4160,6,31,61
1346,4161,6,31,61
1347,1783,2,31,62
1348,448,2,31,62
1349,449,2,31,62
1350,10,2,31,62
1351,1245,2,31,62
1352,1245,2,31,62
1353,1246,2,31,62
1354,2393,2,31,62
1355,2393,2,31,62
1356,655,2,31,62
1357,654,2,31,62
1358,1357,4,31,62
1359,1010,4,31,62
1360,1012,4,31,62
1361,4162,1,31,62
1362,1332,4,32,56
1363,4163,2,32,59
1364,1239,2,32,59
1365,1239,2,32,59
1366,1240,2,32,59
1367,1632,5,32,59
1368,1422,2,32,59
1369,1423,2,32,59
1370,1322,1,32,59
1371,1323,1,32,59
1372,1491,2,32,60
1373,2968,2,32,60
1374,1646,1,32,60
1375,3807,1,32,60
1376,1647,1,32,60
1377,3141,2,32,60
1378,1249,2,32,60
1379,1250,2,32,60
1380,3537,5,32,60
1381,744,5,32,60
1382,1493,5,32,60
1383,953,2,32,60
1384,2350,2,32,60
1385,954,2,32,60
1386,1480,5,32,60
1387,1401,1,32,60
1388,1402,1,32,60
1389,1404,1,32,60
1390,1403,1,32,60
1391,1473,3,32,62
1392,1474,3,32,62
1393,1476,3,32,62
1394,1475,3,32,62
1395,1473,4,32,63
1396,1474,4,32,63
1397,1476,4,32,63
1398,1475,4,32,63
1399,814,1,32,65
1400,1464,1,32,65
1401,3070,1,32,65
1402,1465,1,32,65
1403,2078,1,32,65
1404,589,2,32,65
1405,590,2,32,65
1406,1286,1,32,65
1407,2080,1,32,65
1408,1287,1,32,65
1409,1289,1,32,65
1410,1288,1,32,65
1411,1265,1,32,65
1412,1266,1,32,65
1413,4164,6,32,65
1414,1681,5,32,66
1415,953,2,32,66
1416,2350,2,32,66
1417,954,2,32,66
1418,956,2,32,66
1419,955,2,32,66
1420,957,2,32,66
1421,953,2,32,66
1422,2350,2,32,66
1423,954,2,32,66
1424,3521,2,32,66
1425,602,2,32,66
1426,603,2,32,66
1427,3522,2,32,66
1428,3523,2,32,66
1429,604,2,32,66
1430,925,2,32,66
1431,3620,5,32,66
1432,1330,5,32,66
1433,1249,1,32,66
1434,3141,1,32,66
1435,1250,1,32,66
1436,1410,5,32,66
1437,4165,6,32,66
1438,1200,1,32,66
1439,2968,2,32,66
1440,2968,2,32,66
1441,4166,5,32,66
1442,3744,1,32,69
1443,1310,1,32,69
1444,1311,1,32,69
1445,3745,1,32,69
1446,1668,5,32,69
1447,1485,6,32,69
1448,1486,6,32,69
1449,1485,4,32,69
1450,1486,4,32,69
1451,1485,1,32,69
1452,1486,1,32,69
1453,2968,6,32,72
1454,1491,6,32,72
1455,2919,6,32,72
1456,1239,6,32,72
1457,1414,1,32,72
1458,2238,1,32,72
1459,881,5,33,46
1460,605,1,33,46
1461,606,1,33,46
1462,608,1,33,46
1463,607,1,33,46
1464,3324,1,33,46
1465,720,6,33,46
1466,380,1,33,46
1467,381,1,33,46
1468,1362,6,33,48
1469,1363,1,33,48
1470,3093,1,33,48
1471,1364,1,33,48
1472,1871,1,33,48
1473,1872,1,33,48
1474,4162,5,33,48
1475,1237,5,33,48
1476,2870,4,33,49
1477,3904,5,33,49
1478,1394,5,33,49
1479,820,5,33,49
1480,4158,2,33,49
1481,1613,5,33,49
1482,3723,5,33,49
1483,1410,6,33,51
1484,3622,1,33,52
1485,3199,5,33,52
1486,1363,1,33,55
1487,3093,1,33,55
1488,1364,1,33,55
1489,1871,1,33,55
1490,1872,1,33,55
1491,1339,6,33,55
1492,4079,6,33,55
1493,1491,3,33,56
1494,2968,3,33,56
1495,1485,3,33,58
1496,1486,3,33,58
1497,1650,5,33,62
1498,1691,3,33,62
1499,3884,5,33,64
1500,161,5,33,64
1501,1403,6,33,64
1502,1646,2,33,64
1529,1189,4,34,30
1504,1410,5,33,64
1505,3306,1,33,64
1506,4167,5,33,46
1507,4168,2,33,48
1508,4169,5,33,51
1509,841,5,33,51
1510,4170,5,33,51
1511,4171,5,33,51
1512,909,5,33,51
1513,1282,5,33,51
1514,3749,5,33,51
1515,4175,5,33,51
1516,737,5,33,51
1517,925,5,33,51
1518,152,5,33,51
1519,928,5,33,51
1520,601,5,33,51
1530,2388,4,34,30
1522,1269,5,33,51
1523,4183,5,33,51
1524,4184,5,33,51
1525,4185,5,33,51
1526,4186,5,33,51
1527,1288,5,33,51
1528,4191,5,33,51
1531,664,6,34,51
1532,1317,2,34,51
1533,1318,2,34,51
1534,73,2,34,51
1535,1496,5,34,51
1536,2719,5,34,51
1537,851,2,34,51
1538,852,2,34,51
1539,1685,5,34,52
1540,1033,6,34,52
1541,1694,5,34,52
1542,4109,5,34,52
1543,1637,4,34,54
1544,1638,4,34,54
1545,1817,4,34,54
1546,1339,5,34,54
1547,102,5,34,54
1548,1678,5,34,54
1549,440,5,34,54
1550,1187,5,34,54
1551,1492,3,34,56
1552,1493,3,34,56
1553,1495,3,34,56
1554,2783,3,34,56
1555,2525,3,34,56
1556,1494,3,34,56
1557,1474,6,34,58
1558,634,1,34,58
1559,635,1,34,58
1560,3807,5,34,58
1561,1646,5,34,58
1562,3723,6,34,58
1563,1613,6,34,58
1564,1938,3,34,60
1565,290,5,34,58
1566,271,5,34,58
1567,104,5,34,58
1568,4193,5,34,58
1569,4194,5,34,58
1570,4195,5,34,58
1571,4196,5,34,58
1603,1148,5,35,51
1573,4198,5,34,58
1574,1442,6,34,62
1575,4123,6,34,62
1576,926,1,34,62
1577,927,1,34,62
1578,929,1,34,62
1579,930,1,34,62
1580,928,1,34,62
1581,1377,5,34,62
1582,1377,6,34,62
1583,1659,5,34,62
1584,1358,6,34,64
1585,1492,6,34,64
1586,1330,1,34,64
1587,3620,1,34,64
1588,1331,1,34,64
1589,3621,1,34,64
1590,3622,1,34,64
1591,656,2,34,64
1592,657,2,34,64
1593,2968,2,34,64
1594,1491,2,34,64
1595,4200,5,34,62
1596,4202,2,34,64
1597,4201,6,34,64
1598,1332,4,34,73
1599,3347,4,34,75
1600,3355,4,34,75
1601,3357,4,34,75
1602,3356,4,34,75
1604,3902,1,35,51
1605,4043,1,35,51
1606,1695,5,35,51
1607,2968,5,35,51
1608,1491,5,35,51
1609,3185,5,35,52
1610,3185,1,35,52
1611,4127,1,35,52
1612,1644,5,35,52
1613,2396,5,35,52
1614,845,6,35,56
1615,1217,5,35,56
1616,1877,5,35,56
1617,613,5,35,56
1618,4203,5,35,56
1619,1358,6,35,56
1620,4200,5,35,56
1621,2718,6,35,56
1622,1245,6,35,56
1623,1491,6,35,57
1624,581,6,35,57
1625,1646,6,35,57
1626,652,6,35,57
1627,3325,6,35,58
1628,3424,6,35,58
1629,181,6,35,58
1630,1492,6,35,58
1631,67,6,35,58
1632,4204,6,35,58
1633,2388,4,35,75
1634,1189,4,35,75
1635,4205,1,35,74
1636,1492,5,36,62
1637,1751,5,36,62
1638,1401,5,36,62
1639,2970,5,36,62
1640,1818,1,36,63
1641,1685,5,36,63
1642,1431,5,36,63
1643,212,5,36,64
1644,1096,5,36,64
1645,4115,5,36,64
1646,4207,5,36,64
1647,1135,2,36,64
1648,1136,2,36,64
1649,1143,2,36,64
1650,2304,2,36,64
1651,4198,5,36,64
1652,1646,6,36,64
1653,3807,6,36,64
1654,104,5,36,64
1655,1855,6,36,66
1656,924,6,36,66
1657,1697,5,36,66
1658,4208,6,36,66
1659,290,5,36,67
1660,4193,5,36,67
1661,4194,5,36,67
1662,4195,5,36,67
1663,4196,5,36,67
1664,271,5,36,67
1665,220,2,36,67
1666,1914,2,36,67
1667,1915,2,36,67
1668,1362,5,36,67
1669,4209,5,36,67
1670,1728,5,36,67
1671,873,1,36,68
1672,874,1,36,68
1673,2968,6,36,68
1674,1491,6,36,68
1675,953,2,37,59
1676,2350,2,37,59
1677,1715,1,37,59
1678,1716,1,37,59
1679,1882,3,37,60
1680,1883,3,37,60
1681,1745,2,37,62
1682,1746,2,37,62
1683,2396,5,37,62
1684,1808,5,37,62
1685,1818,5,37,62
1686,1317,5,37,62
1687,1517,4,37,62
1688,1518,4,37,62
1689,1639,5,37,64
1690,1481,5,37,64
1691,1740,6,37,64
1692,1842,2,37,64
1693,2970,2,37,64
1694,1843,2,37,64
1695,599,5,37,64
1696,3735,6,37,64
1697,1762,6,37,64
1701,1285,6,38,63
1702,4210,1,38,63
1703,1961,1,38,63
1704,1962,1,38,63
1705,1646,6,38,64
1706,3807,6,38,64
1707,1899,2,38,64
1708,1955,2,38,64
1709,1956,2,38,64
1710,104,5,38,65
1711,754,6,38,65
1712,1492,5,38,65
1713,1485,2,38,65
1714,1486,2,38,65
1715,1488,2,38,65
1716,1487,2,38,65
1717,1914,1,38,65
1718,1915,1,38,65
1719,1491,3,38,67
1720,2968,3,38,67
1721,1890,5,39,57
1722,2972,5,39,57
1723,1955,2,39,57
1724,1956,2,39,57
1725,1897,5,39,58
1726,2710,5,39,58
1727,1405,5,39,58
1728,1835,4,39,59
1729,1835,3,39,60
1730,599,1,40,61
1731,600,1,40,61
1732,4111,1,40,61
1733,1491,5,40,61
1734,2968,5,40,61
1735,1882,5,40,62
1736,1882,1,40,62
1737,1883,1,40,62
1738,571,4,40,63
1739,2825,3,40,64
1740,1995,3,40,64
1741,1996,3,40,64
1742,2075,3,40,64
1743,2074,3,40,64
1744,2007,6,41,34
1745,1051,6,41,34
1746,1895,5,41,34
1747,1820,4,41,37
1748,1821,4,41,37
1749,1822,4,41,37
1750,1823,4,41,37
1751,4211,1,41,37
1752,2825,2,41,38
1753,1995,2,41,38
1754,633,1,41,38
1755,2644,5,41,38
1756,4212,2,41,38
1757,1999,1,41,38
1758,2000,1,41,38
1759,1999,5,41,38
1760,1636,5,41,39
1761,1974,6,41,40
1762,1973,5,41,40
1763,2916,5,41,40
1764,3166,5,41,40
1765,2781,5,41,40
1766,3070,5,41,40
1767,4213,2,41,40
1768,3741,5,41,42
1769,1243,5,41,42
1770,1747,5,41,42
1771,1788,5,41,42
1772,1945,2,41,42
1773,1946,2,41,42
1774,1949,5,41,42
1775,3811,5,41,42
1776,2017,5,41,42
1777,4214,2,41,38
1778,1659,6,42,44
1779,1284,1,42,44
1780,1285,1,42,44
1781,1760,5,42,44
1782,2274,5,42,46
1783,1940,5,42,46
1784,1830,6,42,46
1785,1955,5,42,46
1786,4216,2,42,44
1787,1884,5,42,47
1788,1492,6,42,47
1789,1840,5,42,47
1790,308,6,42,48
1791,2044,5,42,48
1792,4215,6,42,47
1793,894,6,42,48
1794,206,2,42,49
1795,4217,6,42,49
1796,2009,5,42,49
1797,2009,1,42,49
1798,4218,2,42,49
1799,3982,5,43,47
1800,2049,2,43,47
1801,3004,2,43,47
1802,2050,2,43,47
1803,2041,2,43,47
1804,2042,2,43,47
1805,1935,5,43,48
1806,270,5,43,48
1807,1477,4,43,48
1808,1478,4,43,48
1809,1479,4,43,48
1810,3609,5,43,48
1811,2049,4,43,48
1812,3004,4,43,48
1813,2050,4,43,48
1814,2053,4,43,48
1815,1957,1,43,53
1816,1958,1,43,53
1817,2304,6,43,53
1818,1140,6,43,53
1819,2081,2,43,54
1820,2082,2,43,54
1821,886,5,43,54
1822,2287,1,43,54
1823,2288,1,43,54
1824,1506,1,44,56
1825,1507,1,44,56
1826,1788,2,44,56
1827,4219,1,42,49
1828,4219,2,44,56
1829,2970,1,44,57
1830,4220,1,44,57
1831,3070,5,44,57
1832,1464,5,44,57
1833,1856,2,44,59
1834,1857,2,44,59
1835,1401,5,44,59
1836,1466,2,44,59
1837,4217,2,44,59
1838,2918,2,44,59
1839,2244,2,44,59
1840,1239,2,44,59
1841,4221,1,44,59
1842,1140,1,44,60
1843,2304,1,44,60
1844,1141,1,44,60
1845,402,5,44,60
1846,2801,1,44,60
1847,1997,1,44,60
1848,1998,1,44,60
1849,3225,5,44,62
1850,1133,2,44,62
1851,3726,2,44,62
1852,1134,2,44,62
1853,2310,2,44,62
1854,2748,2,44,62
1855,839,2,44,62
1856,840,2,44,62
1857,2061,2,44,62
1858,2062,2,44,62
1859,1906,5,44,62
1860,2005,6,46,58
1861,2244,5,46,58
1862,2918,5,46,58
1863,1820,6,46,59
1864,2055,5,46,59
1865,3307,2,46,59
1866,3308,2,46,59
1867,285,2,46,59
1868,4222,1,46,59
1869,2288,6,46,60
1870,1732,5,46,60
1871,1760,5,46,60
1872,1995,6,46,60
1873,2825,6,46,60
1874,1715,2,46,60
1875,1716,2,46,60
1876,1997,6,46,61
1877,2801,6,46,61
1878,2800,6,46,61
1879,1739,6,46,61
1880,3812,5,46,61
1881,823,6,46,61
1882,3225,5,46,61
1883,744,5,46,62
1884,3537,5,46,62
1885,1442,2,46,62
1886,1443,2,46,62
1887,2278,6,46,62
1888,1840,2,46,62
1889,1841,2,46,62
1890,2043,2,46,62
1891,3735,6,46,63
1892,1763,6,46,63
1893,4215,6,46,63
1894,4210,5,46,63
1895,995,5,46,63
1896,1286,5,46,63
1897,2080,5,46,63
1898,1748,5,46,63
1899,2270,2,47,41
1900,2967,2,47,41
1901,2271,2,47,41
1902,2270,4,47,41
1903,2967,4,47,41
1904,2271,4,47,41
1905,2474,4,47,41
1906,2270,3,47,42
1907,2967,3,47,42
1908,2271,3,47,42
1909,2474,3,47,42
1910,958,2,47,48
1911,959,2,47,48
1912,4210,1,47,48
1913,4215,1,47,48
1914,2055,2,47,48
1915,2056,2,47,48
1916,2383,2,47,48
1917,2384,2,47,48
1918,2383,1,47,48
1919,2384,1,47,48
1920,2916,2,49,63
1921,1973,2,49,63
1922,1974,2,49,63
1923,4223,1,49,63
1924,1491,2,49,63
1925,2968,2,49,63
1926,1745,2,49,64
1927,1746,2,49,64
1928,2270,2,49,64
1929,2967,2,49,64
1930,2271,2,49,64
1931,1945,2,49,64
1932,1946,2,49,64
1933,3211,2,49,65
1934,3212,2,49,65
1935,1358,2,49,65
1936,1359,2,49,65
1937,522,6,49,65
1938,2453,5,49,66
1939,758,4,49,66
1940,759,4,49,66
1941,2463,5,49,67
1942,839,2,49,67
1943,2748,2,49,67
1944,840,2,49,67
1945,3568,2,49,67
1946,3569,2,49,67
1947,2826,2,49,68
1948,2331,2,49,68
1949,2332,2,49,68
1950,2826,1,49,68
1951,2331,1,49,68
1952,2332,1,49,68
1953,2826,5,49,68
1954,2331,5,49,68
1955,2409,4,49,68
1956,2410,4,49,68
1957,2277,2,51,52
1958,2278,2,51,52
1959,2350,2,51,52
1960,851,2,51,52
1961,852,2,51,52
1962,2407,6,51,53
1963,2004,2,51,53
1964,2005,2,51,53
1965,1492,6,51,53
1966,708,2,51,54
1967,2341,2,51,54
1968,2425,5,51,54
1969,1844,1,51,54
1970,2339,2,51,54
1971,2340,2,51,54
1972,2333,2,51,54
1973,2334,2,51,54
1974,2287,1,51,55
1975,2288,1,51,55
1976,2081,2,51,55
1977,2082,2,51,55
1978,3902,5,51,55
1979,2050,2,51,56
1980,1426,2,51,56
1981,2711,2,51,56
1982,1425,2,51,56
1983,2485,2,51,56
1984,3569,2,51,56
1985,2008,2,51,56
1986,2270,2,51,57
1987,2967,2,51,57
1988,2271,2,51,57
1989,1235,2,51,57
1990,1236,2,51,57
1991,64,2,51,57
1992,2422,5,51,57
1993,1399,1,51,57
1994,1400,1,51,57
1995,2345,2,51,58
1996,2420,5,51,58
1997,1904,2,51,58
1998,1905,2,51,58
1999,2379,2,51,58
2000,2380,2,51,58
2001,4224,1,51,58
2002,4225,2,51,58
2003,2043,5,53,38
2004,1880,2,53,38
2005,2335,1,53,38
2006,2336,1,53,38
2007,845,2,53,39
2008,846,2,53,39
2009,3609,1,53,39
2010,3610,1,53,39
2011,3609,5,53,39
2012,2826,2,53,39
2013,2331,2,53,39
2014,2332,2,53,39
2015,2827,1,53,39
2016,2247,1,53,39
2017,2248,1,53,39
2018,2493,2,53,39
2019,2494,2,53,39
2020,2491,1,53,40
2021,2492,1,53,40
2022,2826,5,53,40
2023,2331,5,53,40
2024,1947,4,53,40
2025,1948,4,53,40
2026,2356,4,53,40
2027,3003,2,53,44
2028,2501,2,53,44
2029,2502,2,53,44
2030,2826,2,53,44
2031,2331,2,53,44
2032,2332,2,53,44
2033,2512,5,53,44
2034,2422,5,53,45
2035,2447,2,53,45
2036,2448,2,53,45
2037,3119,2,53,45
2038,2510,2,53,45
2039,2511,2,53,45
2040,2335,5,53,46
2041,2521,2,53,46
2042,1491,2,53,46
2043,2478,2,53,46
2044,2479,2,53,46
2045,2478,5,53,46
2046,2918,2,53,46
2047,2244,2,53,46
2048,2529,2,53,47
2049,1999,1,53,47
2050,2000,1,53,47
2051,2610,2,53,47
2052,2611,2,53,47
2053,2603,2,53,47
2054,2604,2,53,47
2055,3003,1,53,48
2056,2501,1,53,48
2057,2502,1,53,48
2058,2489,1,53,48
2059,2490,1,53,48
2060,4226,2,53,46
2061,4227,2,53,45
2062,4229,2,53,45
2063,4230,2,53,45
2064,4228,2,53,45
2065,4231,2,53,44
2066,4233,1,53,44
2067,4232,2,53,44
2068,2581,1,54,48
2069,2582,1,54,48
2070,2480,1,54,48
2071,3092,1,54,48
2072,2481,1,54,48
2073,1951,2,54,49
2074,1952,2,54,49
2075,1028,5,54,49
2076,2455,5,54,49
2077,2561,2,54,49
2078,2562,2,54,49
2079,2634,5,54,49
2080,1880,2,54,49
2081,1881,2,54,49
2082,2527,2,54,52
2083,2528,2,54,52
2084,2527,1,54,52
2085,2528,1,54,52
2086,2453,2,54,54
2087,2454,2,54,54
2088,1247,2,54,54
2089,1248,2,54,54
2090,2497,2,54,54
2091,2615,1,54,55
2092,2994,2,54,55
2093,2501,5,54,55
2094,1235,2,54,56
2095,1236,2,54,56
2096,2480,1,54,56
2097,3092,1,54,56
2098,2481,1,54,56
2099,1215,5,54,56
2100,1945,2,54,57
2101,2523,2,54,57
2102,2484,5,54,57
2103,2478,4,54,58
2104,2479,4,54,58
2105,4234,2,54,49
2106,2858,2,55,39
2107,2568,2,55,39
2108,2859,2,55,39
2109,2569,2,55,39
2110,408,5,55,39
2111,886,1,55,39
2112,3023,1,55,45
2113,2401,1,55,45
2114,2402,1,55,45
2115,2484,5,55,45
2116,4214,1,55,46
2117,3110,2,55,47
2118,1491,2,55,47
2119,2968,2,55,47
2120,2447,1,55,47
2121,2448,1,55,47
2122,4235,2,55,47
2123,4236,4,55,40
2124,4236,3,55,40
2125,4237,1,55,39
2126,1484,4,56,40
2127,1945,2,56,45
2128,1946,2,56,45
2129,2704,2,56,45
2130,2484,5,56,45
2131,2605,1,56,45
2132,2606,1,56,45
2133,3003,1,56,46
2134,2501,1,56,46
2135,2502,1,56,46
2136,2622,2,56,46
2137,2623,2,56,46
2138,3022,1,56,46
2139,2635,1,56,46
2140,2636,1,56,46
2141,2551,2,56,46
2142,4238,2,56,46
2143,2551,1,57,39
2144,4238,1,57,39
2145,2642,1,57,40
2146,4214,1,57,41
2147,2547,2,57,42
2148,4230,1,57,42
2149,991,1,57,42
2150,992,1,57,42
2151,993,1,57,42
2152,991,2,57,42
2153,4239,1,57,43
2154,4240,1,57,44
2155,2471,4,57,44
2156,2641,5,57,44
2157,2459,2,57,45
2158,2491,1,57,45
2159,2492,1,57,45
2160,2480,1,57,46
2161,3092,1,57,46
2162,2481,1,57,46
2163,2607,2,57,46
2164,2608,2,57,46
2165,3110,5,57,46
2166,4241,5,57,46
2167,2653,2,57,47
2168,2654,2,57,47
2169,2653,5,57,47
2170,2654,5,57,47
2171,1890,2,57,47
2172,2972,2,57,47
2173,1891,2,57,47
2174,1945,2,57,47
2175,2509,1,57,48
2176,2509,2,57,48
2177,4237,1,57,48
2178,2471,1,58,39
2179,2618,1,58,39
2180,3053,1,58,39
2181,2619,1,58,39
2182,2345,4,58,40
2183,2666,2,58,41
2184,2667,2,58,41
2185,1244,2,58,41
2186,2661,5,58,41
2187,2668,5,58,41
2188,2609,4,58,42
2189,2077,4,58,44
2190,2077,1,58,44
2191,2609,1,58,44
2192,2609,2,58,44
2193,991,1,59,55
2194,992,1,59,55
2195,2642,1,59,55
2196,2642,5,59,55
2197,2801,2,59,56
2198,1997,2,59,56
2199,1998,2,59,55
2200,2365,2,59,56
2201,2877,2,59,56
2202,2366,2,59,56
2203,2365,1,59,56
2204,2877,1,59,56
2205,2366,1,59,56
2206,2699,1,59,58
2207,2700,1,59,58
2208,2527,4,59,58
2209,2572,1,59,59
2210,2573,1,59,59
2211,2441,1,59,59
2212,2442,1,59,59
2213,2635,1,59,59
2214,2635,1,59,59
2215,2636,1,59,59
2216,1315,5,59,57
2217,1717,5,59,57
2218,1399,5,59,57
2219,2006,5,59,57
2220,2415,5,59,57
2221,2001,5,59,57
2222,2083,5,59,57
2223,659,5,59,57
2224,3747,5,59,57
2225,2545,5,59,57
2226,1842,5,59,57
2227,2970,5,59,57
2228,4242,5,59,57
2229,79,5,59,57
2230,3425,5,59,57
2231,3495,5,59,57
2232,2206,5,59,57
2233,1379,5,59,57
2234,2351,5,59,57
2235,376,5,59,57
2236,1788,5,59,57
2237,4243,5,59,57
2238,2633,5,59,57
2239,3110,5,59,57
2240,953,5,59,57
2241,2350,5,59,57
2242,2484,5,59,57
2243,2561,5,59,57
2244,2527,5,59,57
2245,2609,5,59,57
2246,2742,1,60,37
2247,2743,1,60,37
2248,1880,1,60,37
2249,1881,1,60,37
2250,991,1,60,38
2251,2720,1,60,38
2252,2721,1,60,38
2253,2661,2,60,38
2254,2662,2,60,38
2255,2471,4,60,39
2256,2561,2,60,39
2257,2562,2,60,39
2258,1763,2,60,41
2259,2533,2,60,41
2260,2534,2,60,41
2261,240,1,60,41
2262,241,1,60,41
2263,3093,2,60,41
2264,1363,2,60,41
2265,1364,2,60,41
2266,2603,2,60,41
2267,2604,2,60,41
2268,3092,4,60,42
2269,2480,4,60,42
2270,2481,4,60,42
2271,2381,2,60,43
2272,2724,1,60,43
2273,2725,1,60,43
2274,1414,1,60,45
2275,2238,1,60,45
2276,2670,2,60,45
2277,2671,2,60,45
2278,2578,2,60,45
2279,2579,2,60,45
2280,2786,2,60,45
2281,2784,2,60,45
2282,2438,1,60,47
2283,2041,2,60,47
2284,2042,2,60,47
2285,1999,2,60,47
2286,2000,2,60,47
2287,2647,1,60,47
2288,2648,1,60,47
2289,2754,2,60,49
2290,2755,2,60,49
2291,2683,1,60,49
2292,2684,1,60,49
2293,921,2,60,49
2294,922,2,60,49
2295,2722,5,60,49
2296,2723,5,60,49
2297,3946,2,61,39
2298,991,1,61,39
2299,2791,1,61,40
2300,2792,1,61,40
2301,2653,2,61,41
2302,2654,2,61,41
2303,2734,1,61,41
2304,2769,2,61,44
2305,3146,2,61,44
2306,2770,2,61,44
2307,2769,1,61,44
2308,3146,1,61,44
2309,2770,1,61,44
2310,2583,4,61,46
2311,2642,2,61,47
2312,2828,5,61,47
2313,2589,5,61,47
2314,2274,5,61,41
2315,2279,5,61,41
2316,1239,5,61,41
2317,2919,5,61,41
2318,2285,5,61,41
2319,2430,5,61,41
2320,1939,5,61,41
2321,304,5,61,41
2322,1192,5,61,41
2323,2371,5,61,41
2324,1644,5,61,41
2325,2491,5,61,41
2326,2484,5,61,41
2327,547,5,61,41
2328,3583,5,61,41
2329,3541,5,61,41
2330,2335,5,61,41
2331,2445,5,61,41
2332,972,5,61,41
2333,3946,5,61,41
2334,1235,5,61,41
2335,2670,5,61,41
2336,2529,5,61,41
2337,1480,5,61,41
2338,1150,5,61,41
2339,2781,5,61,41
2340,2781,5,61,41
2341,2825,5,61,41
2342,1995,5,61,41
2343,656,5,61,41
2344,585,5,61,41
2345,589,5,61,41
2346,926,5,61,41
2347,1613,5,61,41
2348,944,5,61,41
2349,744,5,61,41
2350,3537,5,61,41
2351,845,5,61,41
2352,768,5,61,41
2353,4245,5,61,41
2354,4246,5,61,41
2355,4244,5,61,41
2356,664,5,61,41
2357,1315,5,61,41
2358,2081,5,61,41
2359,3141,5,61,41
2360,1249,5,61,41
2361,958,5,61,41
2362,1094,5,61,41
2363,2478,5,61,41
2364,659,5,61,41
2365,500,5,61,41
2366,677,5,61,41
2367,3717,5,61,41
2368,937,5,61,41
2369,2420,5,61,41
2370,2668,5,61,41
2371,752,5,61,41
2372,3425,5,61,41
2373,79,5,61,41
2374,1418,5,61,41
2375,889,5,61,41
2376,3805,5,61,41
2377,3141,5,61,41
2378,1249,5,61,41
2379,104,5,61,41
2380,3003,5,61,41
2381,2501,5,61,41
2382,3110,5,61,41
2383,1880,5,61,41
2384,2800,5,61,41
2385,1739,5,61,41
2386,1358,5,61,41
2387,2761,6,62,39
2388,2735,6,62,39
2389,2781,5,62,40
2390,3166,5,62,40
2391,2616,5,62,40
2392,2533,5,62,40
2393,1995,5,62,40
2394,2825,5,62,40
2395,1904,2,62,40
2396,1905,2,62,40
2397,2732,5,62,40
2398,2826,1,62,41
2399,2331,1,62,41
2400,2332,1,62,41
2401,4101,5,62,41
2402,2683,1,62,42
2403,2684,1,62,42
2404,2771,4,62,43
2405,2244,2,62,43
2406,4217,2,62,43
2407,2826,3,62,44
2408,2331,3,62,44
2409,2332,3,62,44
2410,2826,1,62,44
2411,2331,1,62,44
2412,2332,1,62,44
2413,1410,5,62,45
2414,1239,5,62,45
2415,2919,5,62,45
2416,845,5,62,45
2417,3717,5,62,45
2418,677,5,62,45
2419,1401,5,62,45
2420,2614,5,62,45
2421,2751,5,62,45
2422,4247,2,62,45
2423,2272,2,62,45
2424,2273,2,62,45
2425,2572,1,62,46
2426,2573,1,62,46
2427,2754,5,62,46
2428,2609,2,63,37
2429,1190,5,63,37
2430,2642,1,63,38
2431,2642,2,63,38
2432,2591,5,63,47
2433,2832,1,63,47
2443,2868,2,64,39
2435,2552,2,63,47
2436,1245,2,63,48
2437,2718,2,63,48
2438,1246,2,63,48
2439,2786,1,63,48
2440,2784,1,63,48
2441,2785,1,63,48
2442,2785,2,60,45
2444,2869,2,64,39
2445,2642,4,64,40
2446,2851,2,64,42
2447,2852,2,64,42
2448,2881,2,64,42
2449,2882,2,64,42
2450,2614,2,64,42
2451,2612,2,64,42
2452,2777,2,64,42
2453,2778,2,64,42
2454,2787,2,64,42
2455,2788,2,64,42
2456,66,2,64,43
2457,3813,2,64,43
2458,3814,2,64,43
2459,2862,1,64,43
2460,2863,1,64,43
2461,2753,1,64,44
2462,2751,1,64,44
2463,2752,1,64,44
2464,240,1,64,44
2465,241,1,64,44
2466,2653,2,65,39
2467,2654,2,65,39
2468,2853,1,65,39
2469,2854,1,65,39
2470,2887,1,65,40
2471,2888,1,65,40
2472,851,5,65,40
2473,2642,2,65,40
2474,2670,2,65,40
2475,2671,2,65,40
2476,2661,5,65,41
2477,2528,6,65,41
2478,2578,1,65,42
2479,2579,1,65,42
2480,599,5,65,42
2481,2972,2,65,42
2482,1890,2,65,42
2483,1891,2,65,42
2484,4248,4,65,43
2485,2480,2,66,39
2486,3092,2,66,39
2487,2481,2,66,39
2488,2469,2,66,40
2489,2786,1,66,41
2490,2784,1,66,41
2491,2785,1,66,41
2492,2870,3,66,42
2493,2870,4,66,42
2494,2860,2,66,44
2495,2861,2,66,44
2496,2860,1,66,44
2497,2861,1,66,44
2498,2855,2,66,44
2499,2786,2,66,45
2500,2784,2,66,45
2501,2785,2,66,45
2502,2883,1,66,45
2503,2884,1,66,45
2504,2543,1,67,40
2505,2938,1,67,41
2506,2883,1,67,42
2507,2884,1,67,42
2508,2864,4,67,43
2509,2865,3,67,43
2510,2864,3,67,43
2511,2865,4,67,43
2512,2787,1,67,45
2513,2788,1,67,45
2514,2899,2,67,45
2515,3544,2,67,45
2516,3545,2,67,45
2517,2895,2,67,45
2518,4249,2,67,45
2519,4250,1,67,41
2520,3072,5,67,44
2521,2411,5,67,44
2522,2445,5,67,44
2523,2657,5,67,44
2524,1803,5,67,44
2525,2335,5,67,44
2526,1372,5,67,44
2527,2572,5,67,44
2528,2591,5,67,44
2529,1247,5,67,44
2530,851,5,67,44
2531,2661,5,67,44
2532,2385,5,67,44
2533,2769,5,67,44
2534,3146,5,67,44
2535,2809,5,67,44
2536,976,5,67,44
2537,2695,5,67,44
2538,2242,5,67,44
2539,2860,5,67,44
2540,2860,5,67,44
2541,2862,5,67,44
2542,2767,5,67,44
2543,3133,5,67,44
2544,1818,5,67,44
2545,2409,5,67,44
2546,1473,5,67,44
2547,2339,5,67,44
2548,2717,5,67,44
2549,634,5,67,44
2550,2885,5,67,44
2551,2883,5,67,44
2552,2887,5,67,44
2553,2910,5,67,44
2554,2866,5,67,44
2555,3050,5,67,44
2556,4257,5,67,44
2557,4256,5,67,44
2558,2756,2,68,39
2559,2771,4,68,40
2560,4222,1,68,41
2561,2794,1,68,41
2562,2939,1,68,42
2563,2940,1,68,42
2564,4258,1,68,42
2565,2610,2,68,43
2566,2611,2,68,43
2567,2866,2,68,43
2568,2867,2,68,43
2569,2738,2,68,44
2570,2739,2,68,44
2571,2738,2,68,44
2572,2739,2,68,44
2573,2642,2,68,45
2574,2864,4,68,45
2575,2865,4,68,45
2576,2997,4,69,40
2577,3022,1,69,41
2578,2635,1,69,41
2579,2636,1,69,41
2580,2270,2,69,41
2581,2967,2,69,41
2582,2271,2,69,41
2583,599,5,69,42
2584,600,5,69,42
2585,3433,2,69,42
2586,2856,2,69,42
2587,1083,2,69,42
2588,2857,2,69,42
2589,1084,2,69,42
2590,2559,2,69,42
2591,867,2,69,43
2592,2722,2,69,43
2593,2723,2,69,43
2594,2763,2,69,43
2595,2764,2,69,43
2596,2998,1,69,44
2597,2899,2,69,44
2598,4249,2,69,44
2599,2622,2,70,39
2600,2623,2,70,39
2601,2287,4,70,40
2602,2288,4,70,40
2603,2289,4,70,40
2604,2290,4,70,40
2605,2566,5,70,42
2606,1880,5,70,42
2607,2622,5,70,42
2608,2435,5,70,42
2609,173,5,70,42
2610,1947,5,70,42
2611,3146,5,70,42
2612,2769,5,70,42
2613,2858,5,70,42
2614,2333,5,70,42
2615,926,5,70,42
2616,1695,5,70,42
2617,3921,5,70,42
2618,1368,5,70,42
2619,765,5,70,42
2620,2006,5,70,42
2621,3508,5,70,42
2622,1995,2,70,42
2623,1995,2,70,42
2624,4259,2,70,42
2625,2786,4,70,43
2626,2784,4,70,43
2627,2785,4,70,43
2628,2875,2,70,43
2629,2868,1,70,43
2630,2869,1,70,43
2631,2777,1,70,44
2632,2527,2,70,44
2633,3884,1,70,44
2634,161,1,70,44
2635,161,1,70,44
2636,3886,1,70,44
2637,162,1,70,44
2638,2081,1,70,44
2639,2082,1,70,44
2640,3165,1,70,44
2641,2291,1,70,44
2642,1955,2,70,44
2643,1956,2,70,44
2644,1880,2,70,44
2645,1881,2,70,44
2646,2529,2,70,44
2647,2530,2,70,44
2648,2873,2,70,44
2649,2310,2,70,44
2650,2439,1,70,44
2651,4219,2,70,44
2652,2009,2,70,44
2653,4222,1,70,44
2654,4222,2,70,44
2655,2004,1,70,45
2656,2005,1,70,45
2657,2076,1,70,45
2658,1715,1,70,45
2659,4260,1,70,44
2660,4261,2,70,44
2661,4262,2,70,45
2662,4263,1,70,45
2663,4264,2,70,45
2664,4265,1,70,45
2665,1935,5,71,40
2666,270,5,71,40
2667,1491,5,71,40
2668,104,5,71,40
2669,2968,5,71,40
2670,4222,5,71,40
2671,350,5,71,40
2672,752,5,71,40
2673,2997,2,71,40
2674,2528,6,71,41
2675,2914,1,71,41
2676,2914,1,71,41
2677,2935,1,71,41
2678,2935,1,71,41
2679,2864,4,71,42
2680,2865,4,71,42
2681,2826,2,71,44
2682,2332,2,71,44
2683,2331,2,71,44
2684,2572,2,71,44
2685,2573,2,71,44
2686,2640,2,71,44
2687,2641,2,71,44
2688,2551,2,71,44
2689,4238,2,71,44
2690,1786,1,71,44
2691,1787,1,71,44
2692,1358,2,71,44
2693,1359,2,71,44
2694,149,1,71,44
2695,3812,2,71,44
2696,823,2,71,44
2697,4015,2,71,44
2698,4163,2,71,44
2699,1999,1,71,45
2700,2000,1,71,45
2701,3211,2,71,45
2702,3212,2,71,45
2703,923,2,71,45
2704,923,1,71,45
2705,924,2,71,45
2706,924,1,71,45
2707,2480,1,71,45
2708,3092,1,71,45
2709,2481,1,71,45
2710,4266,2,71,45
2711,2480,1,72,39
2712,3092,1,72,39
2713,2481,1,72,39
2714,240,5,72,40
2715,241,5,72,40
2716,2584,1,72,40
2717,1726,1,72,40
2718,1727,1,72,40
2719,2997,1,72,41
2720,2883,4,72,41
2721,2884,4,72,41
2722,2895,4,72,41
2723,3528,6,72,42
2724,1904,2,72,43
2725,1905,2,72,43
2726,2999,2,72,43
2727,3000,2,72,43
2728,1880,2,72,43
2729,1881,2,72,43
2730,2610,2,72,44
2731,2611,2,72,44
2732,2049,2,72,44
2733,3004,2,72,44
2734,2050,2,72,44
2735,2463,2,72,44
2736,2464,2,72,44
2737,2972,2,72,44
2738,1890,2,72,44
2739,1891,2,72,44
2740,2529,2,72,44
2741,2530,2,72,44
2742,4267,2,72,44
2743,4268,2,72,44
2744,4269,2,72,44
2745,4270,2,72,44
2746,1880,1,72,44
2747,1881,1,72,44
2748,3006,1,72,44
2749,3094,1,72,44
2750,1286,1,72,44
2751,2080,1,72,44
2752,1287,1,72,44
2753,2242,1,72,44
2754,2243,1,72,44
2755,1324,1,72,44
2756,1325,1,72,44
2757,2809,1,72,44
2758,2810,1,72,44
2759,3570,2,72,44
2760,2519,2,72,44
2761,2520,2,72,44
2762,4272,2,72,44
2763,4273,1,72,44
2764,4274,2,72,44
2765,3528,6,72,42
2766,4275,1,72,45
2767,2527,2,72,45
2768,2528,2,72,45
2769,2791,2,72,45
2770,2853,1,72,45
2771,2932,2,72,45
2772,2933,2,72,45
2773,2860,1,72,45
2774,2861,1,72,45
2775,2415,2,72,45
2776,2416,2,72,45
2777,2673,1,72,45
2778,2674,1,72,45
2779,3003,2,72,45
2780,2501,2,72,45
2781,2502,2,72,45
2782,2881,2,72,45
2783,2882,2,72,45
2784,2717,4,73,10
2785,2049,4,73,11
2786,3004,4,73,11
2787,2050,4,73,11
2788,2053,4,73,11
2789,2270,1,74,12
2790,2914,5,74,13
2791,2944,5,74,13
2792,2879,5,74,13
2793,1987,5,74,13
2794,2670,5,74,13
2795,2753,5,74,13
2796,2751,5,74,13
2797,2752,5,74,13
2798,3003,5,74,13
2799,2501,5,74,13
2800,2502,5,74,13
2801,2957,5,74,13
2802,2958,5,74,13
2803,4209,5,74,13
2804,1362,5,74,13
2805,4276,5,74,13
2806,1393,5,74,13
2807,1637,5,74,13
2808,1638,5,74,13
2809,953,5,74,13
2810,2350,5,74,13
2811,954,5,74,13
2812,1336,5,74,13
2813,2572,5,74,13
2814,2573,5,74,13
2815,2864,5,74,13
2816,2865,5,74,13
2817,2918,5,74,13
2818,2244,5,74,13
2819,2756,5,74,13
2820,2972,5,74,13
2821,1890,5,74,13
2822,1891,5,74,13
2823,923,5,74,13
2824,924,5,74,13
2825,2487,5,74,13
2826,2488,5,74,13
2827,2851,5,74,13
2828,2852,5,74,13
2829,2468,5,74,13
2830,972,5,74,13
2831,106,5,74,13
2832,3423,5,74,13
2833,3425,5,74,13
2834,79,5,74,13
2835,3869,5,74,13
2836,4278,5,74,13
2837,4279,5,74,13
2838,3879,5,74,13
2839,4083,5,74,13
2840,4280,5,74,13
2841,4281,5,74,13
2842,1164,5,74,13
2843,1165,5,74,13
2844,1094,5,74,13
2845,1095,5,74,13
2846,3307,5,74,13
2847,3308,5,74,13
2848,1990,5,74,13
2849,330,5,74,13
2850,331,5,74,13
2851,173,5,74,13
2852,2435,5,74,13
2853,2032,5,74,13
2854,1190,5,74,13
2855,1191,5,74,13
2856,2206,5,74,13
2857,2351,5,74,13
2858,1379,5,74,13
2859,1380,5,74,13
2860,4206,5,74,13
2861,1317,5,74,13
2862,1318,5,74,13
2863,4282,5,74,13
2864,104,5,74,13
2865,3997,5,74,13
2866,4101,5,74,13
2867,726,5,74,13
2868,727,5,74,13
2869,4152,5,74,13
2870,3629,5,74,13
2871,1071,5,74,13
2872,1072,5,74,13
2873,2398,5,74,13
2874,982,5,74,13
2875,983,5,74,13
2876,4035,5,74,13
2877,958,5,74,13
2878,959,5,74,13
2879,1401,5,74,13
2880,4283,5,74,13
2881,2083,5,74,13
2882,2084,5,74,13
2883,2527,5,74,13
2884,2528,5,74,13
2885,3018,1,75,12
2886,3019,1,75,12
2887,2809,2,75,13
2888,2810,1,75,13
2889,1835,6,75,13
2890,1678,5,75,13
2891,1678,5,75,13
2892,3955,5,75,13
2893,402,5,75,13
2894,403,5,75,13
2895,4025,5,75,13
2896,4042,5,75,13
2897,820,5,75,13
2898,1730,5,75,13
2899,611,5,75,13
2900,612,5,75,13
2901,146,5,75,13
2902,1676,5,75,13
2903,4037,5,75,13
2904,3947,5,75,13
2905,1939,5,75,13
2906,1939,5,75,13
2907,4038,5,75,13
2908,240,5,75,13
2909,241,5,75,13
2910,513,5,75,13
2911,4039,5,75,13
2912,126,5,75,13
2913,4284,5,75,13
2914,4285,5,75,13
2915,388,5,75,13
2916,389,5,75,13
2917,4040,5,75,13
2918,4246,5,75,13
2919,4041,5,75,13
2920,4044,5,75,13
2921,3902,5,75,13
2922,4043,5,75,13
2923,4047,5,75,13
2924,4059,5,75,13
2925,936,5,75,13
2926,4048,5,75,13
2927,4050,5,75,13
2928,4286,5,75,13
2929,4287,5,75,13
2930,2572,1,76,12
2931,2573,1,76,12
2932,2765,1,76,13
2933,2766,1,76,13
2934,2851,2,76,13
2935,2852,2,76,13
2936,2998,5,76,13
2937,3013,5,76,13
2938,3014,5,76,13
2939,2997,5,76,13
2940,2832,5,76,13
2941,1363,5,76,13
2942,3093,5,76,13
2943,1364,5,76,13
2944,1144,5,76,13
2945,1145,5,76,13
2946,1629,5,76,13
2947,1630,5,76,13
2948,2644,5,76,13
2949,2644,5,76,13
2950,1769,5,76,13
2951,2860,5,76,13
2952,2861,5,76,13
2953,2420,5,76,13
2954,2421,5,76,13
2955,3050,5,76,13
2956,3795,5,76,13
2957,2463,5,76,13
2958,2464,5,76,13
2959,2484,5,76,13
2960,2485,5,76,13
2961,2826,5,76,13
2962,2331,5,76,13
2963,2332,5,76,13
2964,2851,4,77,12
2965,2852,4,77,12
2966,2897,4,77,12
2967,2791,2,77,13
2968,1936,6,77,13
2969,4288,6,77,13
2970,4289,6,77,13
2971,154,6,77,13
2972,4194,6,77,13
2973,4131,6,77,13
2974,303,6,77,13
2975,105,6,77,13
2976,150,6,77,13
2977,4290,6,77,13
2978,4291,6,77,13
2979,341,5,77,13
2980,3915,5,77,13
2981,75,5,77,13
2982,4292,5,77,13
2983,4293,5,77,13
2984,4294,5,77,13
2985,4295,5,77,13
2986,4296,5,77,13
2987,4297,5,77,13
2988,4298,5,77,13
2989,2242,4,78,12
2990,2243,5,78,12
2991,652,2,78,12
2992,2393,5,78,12
2993,653,2,78,12
2994,2868,2,78,13
2995,2869,2,78,13
2996,2763,2,78,13
2997,2764,5,78,13
2998,2697,2,78,13
2999,2698,2,78,13
3000,2720,1,78,13
3001,2721,1,78,13
3002,2958,2,78,13
3003,2081,2,78,13
3004,2082,2,78,13
3005,2801,2,78,13
3006,1997,2,78,13
3007,1998,2,78,13
3008,4299,1,79,12
3009,4300,1,79,12
3010,4301,1,79,12
3011,3131,2,79,12
3012,4302,1,79,12
3013,3036,1,79,12
3014,3037,1,79,12
3015,4303,2,79,12
3016,3070,1,79,12
3017,1464,1,79,12
3018,1465,1,79,12
3019,953,2,79,12
3020,2350,2,79,12
3021,954,2,79,12
3022,2862,1,79,13
3023,2863,2,79,13
3024,4219,2,79,13
3025,2009,2,79,13
3026,3070,1,79,13
3027,1464,1,79,13
3028,1465,1,79,13
3029,1890,2,79,13
3030,1890,2,79,13
3031,1891,2,79,13
3032,1351,2,79,13
3033,3527,2,79,13
3034,839,2,79,13
3035,2748,2,79,13
3036,840,2,79,13
3037,2605,1,79,13
3038,2606,1,79,13
3039,1414,4,80,6
3040,1414,4,81,6
3041,3050,1,82,6
3042,2279,4,82,6
3043,2280,4,82,6
3044,2279,2,82,6
3045,2280,2,82,6